上课人公司,上课人职务,大行业,行业,附件
广东麦多多实业有限公司,总经理,科技,3c数码,
广东麦多多实业有限公司,总经理,跨境电商,电商,
广东麦多多实业有限公司,总经理,科技,电子行业,
广东麦多多实业有限公司,总经理,消费品,数码配件,
广东麦多多实业有限公司,总经理,消费品,消费电子,
北京格雷,经理,其他,NULL,
北京南城香餐饮有限公司,副总经理,其他,NULL,
北京学而思教育科技有限公司,战略研究负责人,其他,NULL,
长沙味之翼湘餐饮有限公司,董事,餐饮,餐饮行业,
长沙誉文科技有限公司,经理,消费品,健康产品,
大汇网络科技,NULL,跨境电商,跨境电商,
东莞市华世食品有限公司,项目经理,其他,服务业,
冬嘻企业管理咨询有限公司,创始人,其他,NULL,
发颜悦色,创始人,消费品,新消费,
发颜悦色,创始人,科技,移动互联网,
高梵（浙江）信息技术有限公司,董事长,其他,NULL,
个人,创始人,其他,地产,
个人,经理,消费品,服装零售,
个人,课程设计,其他,地产,
古帆餐具（上海）有限公司,NULL,其他,NULL,
广东建元玩具实业有限公司,产品,其他,制造业,
广东快康健康咨询有限公司,创始人,其他,健康行业,
广东麦多多实业有限公司,产品经理,消费品,数码配件,
广东麦多多实业有限公司,电商经理,消费品,数码配件,
广东省拼奇文化科技有限公司,HRD,消费品,玩具,
广东省拼奇文化科技有限公司,VP,消费品,快销,
广州博志商贸有限公司,营销部主管,其他,NULL,
广州秘令科技有限公司,董事长,消费品,美容,
广州摩打餐饮服务有限公司,NULL,其他,NULL,
广州摩匠餐饮服务有限公司,产品经理,由于<|行业|>字段的值为NULL，无法判断属于哪个行业，因此答案为其他。,NULL,
广州摩客贸易有限公司,NULL,消费品,服装,
广州青花瓷健康科技有限公司,总监,其他,NULL,
广州市厚薄服饰有限公司,客服经理,其他,NULL,
广州市原上服饰实业有限公司,商品企划,其他,NULL,
广州市原上服饰实业有限公司,新零售主管,其他,NULL,
广州思迈新服饰有限公司,副总,跨境电商,跨境电商,
广州兴趣岛信息科技有限公司,产品,其他,教育,
广州兴趣岛信息科技有限公司,内容经理,科技,教育培训/互联网,
广州兴趣岛信息科技有限公司,用户满意品控和升级中心负责人,科技,教育培训/互联网,
广州星际悦动股份有限公司,NULL,其他,NULL,
贵州天地人和酒业有限公司,NULL,消费品,批发零售,
贵州喜百年装饰工程有限公司,策划总监,消费品,装饰家居,
桂满陇餐饮,ceo,餐饮,餐饮,
杭州艾啦时尚品牌管理有限公司,NULL,其他,国内电商,
杭州艾啦时尚品牌管理有限公司,ceo,消费品,国内电商,
杭州布道教育科技有限公司,产品主管,其他,服务,
杭州布道教育科技有限公司,老师,其他,服务,
杭州布道教育科技有限公司,品牌总监,其他,服务,
杭州布道教育科技有限公司,视觉总监,其他,服务,
杭州恩采文化创意有限公司,ceo,跨境电商,电商,
杭州方回春堂集团有限公司,总经理,其他,医疗,
杭州靖安科技有限公司,体验设计专家,科技,IT,
杭州靖安科技有限公司,体验设计专家,科技,计算机软件,
杭州维学新知网络科技有限公司,负责人,其他,NULL,
杭州研趣信息技术有限公司,市场营销总监,其他,检测,
杭州瑶宝婴童用品有限公司,NULL,其他,NULL,
杭州瑶宝婴童用品有限公司,小红书运营主管,其他,NULL,
和也健康科技有限公司,副总经理,其他,NULL,
湖南厘享健康科技有限公司,副总,其他,NULL,
吉林省艾檬电子有限公司,NULL,其他,NULL,
吉林省艾檬电子有限公司,产品经理,其他,NULL,
吉林省艾檬电子有限公司,总经理,其他,NULL,
江门市新会区葵记食品有限公司,CEO,其他,NULL,
江南布衣服饰有限公司,NULL,其他,NULL,
江苏享佳健康科技股份有限公司,NULL,其他,医疗,
江西美尔丝瓜络有限公司,销售经理,消费品,个护家清,
江西心隐企业管理咨询有限公司,区域经理,其他,美容SPA/健康管理,
金华市常资健健康科技有限公司,总经理助理,其他,NULL,
金华小桔灯清洁用品有限公司,经理,其他,NULL,
昆明冠生园食品有限公司,总经理,其他,NULL,
兰本味（北京）餐饮有限公司,副总经理,其他,NULL,
柳州市远黛贸易有限公司,总经理,其他,NULL,
明月镜片股份有限公司,NULL,由于没有提供<|行业|>的具体内容，无法准确判断所属行业，请补充<|行业|>的具体信息。 ,System.String[],
明月镜片股份有限公司,总经理,由于未给出<|行业|>具体内容，无法判断所属行业。请提供<|行业|>的具体信息。 ,System.String[],
南昌美博文化传媒有限公司,副总经理,消费品,服饰内衣,
南京善小仙生物科技有限公司,NULL,其他,NULL,
南京图益创意科技有限公司,NULL,消费品,益智玩具,
南京图益创意科技有限公司,董事长,消费品,益智玩具,
年年有余（浙江）文化科技有限公司,视觉总监,其他,NULL,
佩合社群,产品研发负责人,其他,NULL,
启晟（天津）宠物医院管理有限公司,城市经理,其他,NULL,
潜江市蓝天教育集团,投资人,其他,NULL,
泉州唐人制衣有限公司,董事长,其他,NULL,
善陆（上海）健康管理咨询有限公司,CHO,其他,NULL,
上海房外房信息科技有限公司,分析师,其他,房地产,
上海冠升教育科技有限公司,国际事业,其他,NULL,
上海空空无言文化传播有限公司,NULL,科技,高新科技,
上海空空无言文化传播有限公司,CEO,其他,教育,
上海七壶餐饮管理有限公司,NULL,其他,NULL,
上海七十迈数字科技有限公司,电商运营主管,科技,物联网科技,
上海七小七贸易有限公司,NULL,其他,NULL,
上海启堂贸易有限公司,经理,其他,NULL,
上海泰岚信息科技有限公司,副总经理,跨境电商,跨境电商,
上海怡科经贸有限公司,NULL,跨境电商,跨境电商,
上海英利生贸易有限公司,營運總監,消费品,服饰服装,
上海泽田餐饮管理有限公司,品牌经理,其他,NULL,
深圳步步为饮网络科技有限公司,总经理,其他,NULL,
深圳京正康源商贸有限公司,设计运营经理,其他,新零售,
深圳京正康源商贸有限公司,市场总监,消费品,新零售,
深圳京正康源商贸有限公司,销售总监,消费品,新零售,
深圳酷骑童趣科技有限公司,创始人,其他,NULL,
深圳酷骑童趣科技有限公司,品牌种草负责人,其他,NULL,
深圳酷骑童趣科技有限公司,销售部经理,其他,NULL,
深圳酷骑童趣科技有限公司,用户运营主管,其他,NULL,
深圳酷骑童趣科技有限公司,运营经理,其他,NULL,
深圳浪琪科技有限公司,CEO,其他,NULL,
深圳里子科技贸易有限公司,运营,消费品,新零售,
深圳市布宜诺实业有限公司,暂无,其他,NULL,
深圳市创拓电子商务有限公司,运营,跨境电商,跨境电商,
深圳市东森餐饮管理有限公司,品牌市场专员,其他,NULL,
深圳市对庄科技有限公司,NULL,跨境电商,电子商务,
深圳市甘棠明善企业管理集团有限公司,运营总监,餐饮,餐饮,
深圳市歌瑞创新信息技术有限公司,NULL,跨境电商,跨境电商,
深圳市欧莎世家服饰有限公司,VP,其他,NULL,
深圳市启扬利泽商务服务有限责任公司,总经理,由于提供的行业数据为 NULL，无法判断所属行业，故填其他,NULL,
深圳市沃博尔科技有限公司,运营总监,消费品,3C手机数码,
深圳市鑫尼达科技有限公司,销售主管,跨境电商,跨境电商,
深圳太阳升贸易有限公司,运营,其他,NULL,
深圳唯乐高科技有限公司,CMO,其他,NULL,
深圳盈富斯科技有限公司,产品,跨境电商,跨境电商,
嵊州市金帝智能厨电有限公司,市场总监,其他,NULL,
北海逮虾记食品有限公司,CMO,消费品,食品,
北海逮虾记食品有限公司,合伙人&电商总经理,消费品,食品,
北京华睿博视医学影像技术有限公司,NULL,其他,医疗,
北京七个小伙伴传媒科技有限公司,CEO,其他,自媒体,
北京思无疆科技有限公司,CEO,消费品,食品,
北京下厨房科技有限公司,品牌营销经理,消费品,国内电商,
北京新世纪青年饮食有限公司,市场,餐饮,餐饮,
北京阳坊胜利饮食文化发展有限公司,会员总监,餐饮,餐饮,
长沙誉文科技有限公司,NULL,消费品,健康产品,
成都一起精彩体育发展有限公司,教研产品负责人,其他,教育,
大树小树儿童摄影,总经理,其他,NULL,
个人,经理,其他,地产,
广东参之源健康科技有限公司,NULL,消费品,滋补,
广东参之源健康科技有限公司,Ka负责人,消费品,零售,
广东参之源健康科技有限公司,运营总监,消费品,滋补,
广东麦多多实业有限公司,电商经理,科技,电子行业,
广东麦多多实业有限公司,副总经理,消费品,3c数码,
广东骐麟文化产业有限公司,总经理,其他,NULL,
广东省拼奇文化科技有限公司,NULL,消费品,快销,
广东省拼奇文化科技有限公司,BM,消费品,玩具,
广东省拼奇文化科技有限公司,产品创意总监,消费品,快销,
广东省拼奇文化科技有限公司,联合创始人,消费品,玩具,
广州本自具足文化传媒有限公司,运营主管,其他,教育培训,
广州等我送上门餐饮有限公司,市场经理,其他,NULL,
广州摩匠餐饮有限公司,NULL,其他,NULL,
广州闪潮贸易有限公司,总经理,跨境电商," 电商",
广州思迈新服饰有限公司,NULL,跨境电商,跨境电商,
广州天成餐饮有限公司,培训经理,餐饮,餐饮,
广州兴趣岛信息科技有限公司,NULL,科技,教育培训/互联网,
广州兴趣岛信息科技有限公司,高级经理,科技,教育培训/互联网,
广州兴趣岛信息科技有限公司,品牌经理,其他,教育,
广州兴趣岛信息科技有限公司,人事副总裁,其他,教育,
广州兴趣岛信息科技有限公司,事业部负责人,其他,教育,
广州兴趣岛信息科技有限公司,事业部负责人,科技,教育培训/互联网,
锅圈,一般管理人员,其他,NULL,
杭州巴九灵文化创意股份有限公司,总经理,其他,教育,
杭州暴臻服饰有限公司,设计&视觉总监,其他,NULL,
杭州布道教育科技有限公司,设计师,其他,服务,
杭州布道教育科技有限公司,运营经理,其他,服务,
杭州布道教育科技有限公司,总裁,其他,服务,
杭州超级速度科技有限公司,创始人,其他,NULL,
杭州方回春堂集团有限公司,NULL,其他,医疗,
杭州汉夕互联网科技有限公司,联合创始人,其他,NULL,
杭州莫可科技有限公司,创始人,消费品,消费品,
杭州食验室营销有限公司,总经理,其他,NULL,
杭州星洢科技有限公司,直播,"消费品

新媒体电商主要是通过新媒体平台进行商品销售，商品属于消费品范畴，所以该单元格应填“消费品” 。虽然新媒体电商和跨境电商可能存在一定交叉，但仅说新媒体电商不能直接判定为跨境电商；新媒体电商主要销售商品而非提供餐饮服务，不属于餐饮行业；科技行业主要侧重于技术研发等，新媒体电商核心还是商品销售；所以不属于“跨境电商”“餐饮”“科技”“其他”，应选“消费品”。 ",新媒体电商,
杭州言天珠宝有限公司,创始人,其他,NULL,
杭州尤赫控股有限公司,ceo,其他,国内电商,
合肥蓝梦猫品牌管理有限公司,供应链,其他,NULL,
合肥亿行医药有限公司,NULL,其他,NULL,
呼和浩特市新途径培训服务有限公司,项目经理,其他,NULL,
吉林省瑞曼沃德服饰有限公司,NULL,其他,NULL,
嘉兴瑞仪母婴服务有限公司,经理,其他,NULL,
锦轩餐饮公司,经理,其他,NULL,
立华合创（武汉）生物科技有限公司,包装设计,其他,NULL,
溧阳市天目湖南山竹海旅游有限公司,NULL,其他,NULL,
庐山鹏川文化有限公司,运营总监,其他,NULL,
马克实业（深圳）有限公司,创始人/品牌总监,消费品,电子商务/文化创意消费品,
南京呼吸康医疗器械有限公司,连锁运营部负责人,其他,医疗,
南京尚艺良品科技有限公司,C E O,其他,NULL,
宁波江北区婚纱美学艺术中心,总经理,其他,NULL,
秦皇岛易美特健身服务有限公司,老板,其他,NULL,
青岛伊可普电器有限公司,总经理,跨境电商,跨境电商,
山西袋鼠先生商贸有限公司,抖音负责人,其他,NULL,
汕头市华乐福食品有限公司,总经理,消费品,休闲食品,
上海艾雷电子商务有限公司,CRM部经理,消费品,电商消费,
上海德晖景和投资管理有限公司,品牌负责人,其他,NULL,
上海锦河餐饮管理有限公司,新项目总监,餐饮,餐饮,
上海空空无言文化传播有限公司,CEO,科技,高新科技,
上海空空无言文化传播有限公司,品牌发展负责人,其他,教育,
上海空空无言文化传播有限公司,运营,科技,高新科技,
上海来伊份股份有限公司,用户体验研究,消费品,食品,
上海满小饱食品科技有限公司,经销总监,其他,NULL,
上海盘点食品科技有限公司,市场部,其他,NULL,
上海七十迈数字科技有限公司,整合营销,科技,物联网科技,
上海始然服饰有限公司,总经理,其他,NULL,
上海世达食品有限公司,NULL,其他,NULL,
上海世达食品有限公司,产品经理,其他,NULL,
上海围圆互联网信息技术有限公司,营销经理,其他,文化,
上海西夜餐饮有限公司,经理,由于引用数据中行业字段为 NULL，无法判断所属行业，所以答案为其他,NULL,
上海英利生,NULL,其他,NULL,
上海优十二教育科技有限公司,运营总监,其他,NULL,
上海远铸智能技术有限公司,亚太区负责人,其他,NULL,
深圳艾上瑜伽普拉提,股东,其他,瑜伽健身,
深圳大汇家居有限公司,HR,跨境电商,跨境电商,
深圳光煦科技有限公司,coo,跨境电商,电子商务,
深圳酷骑童趣科技有限公司,创意/设计总监,其他,NULL,
深圳绿米联创科技有限公司,设计主管,科技,科技,
深圳市布宜诺实业有限公司,NULL,其他,NULL,
深圳市成塔服饰有限公司,副总经理,其他,NULL,
深圳市东森餐饮管理有限公司,NULL,其他,NULL,
深圳市甘棠明善企业管理集团有限公司,NULL,科技,软件与信息服务,
深圳市歌瑞创新信息技术有限公司,老板,跨境电商,跨境电商,
深圳市菁创电子有限公司,HRBP,其他,NULL,
深圳市开度科技有限公司,产品经理,跨境电商,跨境电商,
深圳市开度科技有限公司,产品开发,跨境电商,跨境电商,
深圳市开度科技有限公司,运营组长,跨境电商,跨境电商,
深圳市蓝禾技术有限公司,产品经理,其他,国内电商,
深圳市榴芒一刻食品有限公司,NULL,其他,NULL,
深圳市路特创新科技有限公司,NULL,消费品,电商 母婴,
深圳市韶音科技有限公司,经理,消费品,国内电商,
深圳市沃博尔科技有限公司,运营总监,跨境电商,电商,
深圳市新昱佑科技有限公司,品牌营销,其他,NULL,
深圳市鑫尼达科技有限公司,品牌主理人,跨境电商,跨境电商,
深圳市易联科电子有限公司,总经理,其他,NULL,
深圳西贝喜悦餐饮有限公司,NULL,其他,NULL,
石狮束比服饰有限公司,经理,由于引用数据中行业为 NULL ，无法明确判断所属行业，故答案为其他,NULL,
四川阿遇餐饮管理有限公司,品牌经理,餐饮,餐饮,
苏州大禹数字文化科技集团有限公司,招商,其他,NULL,
苏州麦康企业管理服务有限公司,市场运营,其他,服务行业,
台州莹行服饰有限公司,副总,其他,国内电商,
zizi美妆,总经理,其他,NULL,
北京很久以前餐饮管理有限公司,总监,餐饮,餐饮行业,
北京全福凯旋家具有限公司,门店经理,其他,制造业,
北京思凯乐户外用品有限公司,总经理,其他,NULL,
北京新橙科技有限公司,NULL,其他,NULL,
北京学而思教育科技有限公司,NULL,其他,NULL,
北京映天下网络科技有限公司,CEO,科技,互联网,
必扑生物科技（青岛）有限公司,渠道总监,其他,NULL,
长沙市到家悠享网络科技有限公司,运营总监,科技,家政互联网,
长沙誉文科技有限公司,NULL,其他,医疗,
长沙誉文科技有限公司,PM,跨境电商,跨境电商,
长沙誉文科技有限公司,经理,其他,医疗,
成都馋堂餐饮,创始人,餐饮,餐饮,
成都一起精彩体育发展有限公司,联合创始人,其他,教育,
东方表行（中国）贸易有限公司,培训管理,其他,NULL,
东莞市酱心餐饮有限公司,助理,其他,NULL,
多福,运营,其他,NULL,
福建品品香茶业有限公司,培训总监,跨境电商,电子商务,
福建品品香茶业有限公司,直营总监,跨境电商,电子商务,
福州有家装饰工程有限公司,主播,其他,NULL,
个人,运营➕训练,其他,地产,
个人,运营➕训练,消费品,服装零售,
广东参之源健康科技有限公司,客服经理,消费品,零售,
广东参之源健康科技有限公司,商品价值开发负责人,消费品,零售,
广东建元玩具实业有限公司,NULL,其他,制造业,
广东麦多多实业有限公司,产品经理,跨境电商,电商,
广东麦多多实业有限公司,产品经理,消费品,消费电子,
广东麦多多实业有限公司,电商经理,跨境电商,电商,
广东麦多多实业有限公司,电商经理,消费品,消费电子,
广东省拼奇文化科技有限公司,HRD,消费品,快销,
广东省拼奇文化科技有限公司,VP,消费品,玩具,
广东省拼奇文化科技有限公司,产品创意总监,消费品,潮流玩具,
广东省拼奇文化科技有限公司,联合创始人,消费品,潮流玩具,
广东速塑服饰有限责任公司,创始人,其他,NULL,
广州发颜悦色信息科技有限公司,CEO,其他,NULL,
广州秘令科技有限公司,总裁,消费品,美容,
广州秘令科技有限公司,总裁,消费品,美容行业,
广州摩客贸易有限公司,主管,消费品,服装,
广州青花瓷健康科技有限公司,总经理,其他,NULL,
广州市花都区贝索斯日式餐饮有限公司,NULL,由于引用数据<|行业|>为 NULL，无法判断所属行业，因此答案为其他。,NULL,
广州市原上服饰实业有限公司,陈列设计,"由于引用数据中行业字段为 NULL，无法判断所属行业，答案选择其他。
其他",NULL,
广州兴趣岛信息科技有限公司,品牌经理,科技,教育培训/互联网,
广州一龙卓越餐饮管理有限公司,NULL,其他,NULL,
海南景咖科技有限公司,CEO,其他,住宿行业,
杭州暴臻服饰有限公司,总经理,其他,NULL,
杭州布道教育科技有限公司,店长,其他,服务,
杭州布道教育科技有限公司,供应链负责人,其他,服务,
杭州布道教育科技有限公司,品牌营销中心负责人,其他,服务,
杭州布道教育科技有限公司,商品总监,其他,服务,
杭州布道教育科技有限公司,市场部负责人,其他,服务,
杭州红盟引擎科技有限公司,曲线主义塑形服饰项目负责人,由于引用数据中行业字段为 NULL，无法判断属于哪个具体行业，所以答案为其他,NULL,
杭州银河山田食品科技有限公司,CEO,其他,NULL,
河北刘伶醉酿酒销售有限公司,NULL,其他,NULL,
湖南厘享健康科技有限公司,NULL,其他,NULL,
湖南省艾檬电子有限公司,业务经理,其他,NULL,
湖州函炜服饰有限公司,运营总监,其他,NULL,
济南想到文化传播有限公司,创始人,跨境电商,电商,
暨赛国际再生医学科技有限公司,执行董事,其他,NULL,
见鲸科技（南京）有限公司,产品,其他,NULL,
江苏万家如意食品有限公司,外卖总监,其他,NULL,
江苏万家如意食品有限公司,营销总监,由于提供的<|行业|>值为NULL，无法确定属于哪个行业，所以答案为其他,NULL,
江西心隐企业管理咨询有限公司,品牌线负责人,其他,美容SPA/健康管理,
劲霸男装（上海）有限公司,营销副总,消费品,服饰服装,
九江古方茶语品牌管理有限公司,副总经理,其他,NULL,
科美链电子商务（南京）有限公司,分总,其他,NULL,
柳州市远黛贸易有限公司,运营,其他,NULL,
南京启玺企业服务有限公司,经理,由于引用数据中行业信息为 NULL，无法判断具体所属行业，因此答案为其他。,NULL,
南宁高新区飞小邕餐饮店,区域经理,由于未给定<|行业|>的具体内容，无法判断属于哪个行业。,System.String[],
南通阁楼摄影有限公司,总经理,其他,NULL,
年年有余（浙江）文化科技有限公司,十三余主理人,其他,NULL,
宁波海曙盛园恒美口腔门诊部有限公司,运营副总,其他,NULL,
宁波芮芯母婴科技有限公司,ceo,其他,NULL,
帕格森蒂悦居（北京）酒店管理有限公司,CEO,其他,NULL,
佩合社群,品牌项目负责人,其他,NULL,
青岛海童母婴,创始人,跨境电商,电商,
青岛伊可普电器有限公司,副总,其他,国内电商,
青岛伊可普电器有限公司,广告经理,其他,国内电商,
青岛伊可普电器有限公司,营销,其他,国内电商,
青岛伊可普电器有限公司,营销,跨境电商,跨境电商,
瑞仪母婴,总经理,其他,NULL,
山姆会员店,会员体验总监,其他,NULL,
上海艾雷电子商务有限公司,产品经理,消费品,电商消费,
上海必看科技有限公司,CEO,其他,NULL,
上海薄荷健康科技股份有限公司,VP,其他,NULL,
上海聪颖文化用品有限公司,总经理,其他,NULL,
上海德晖景和投资管理有限公司,NULL,其他,NULL,
上海德晖景和投资管理有限公司,设计总监,其他,NULL,
上海德晖景和投资管理有限公司,数字化负责人,其他,NULL,
上海德晖景和投资管理有限公司,销售,其他,NULL,
上海洪旺餐饮,NULL,其他,NULL,
上海空空无言文化传播有限公司,运营,其他,教育,
上海领潮户外用品有限公司,经理,其他,NULL,
上海满小饱食品科技有限公司,NULL,其他,NULL,
上海敏豪懿初健康管理有限公司,总监,其他,健身,
上海胖鲸网络科技有限公司,coo,其他,医疗,
上海乾潢建筑装饰工程有限公司,总经理,其他,NULL,
上海睿一体育发展有限公司,合伙人,其他,大健康,
上海世达食品有限公司,總經理,其他,NULL,
上海世好食品股份有限公司,华北营销经理,其他,NULL,
上海世谊商贸有限公司,资深消费者体验专家,消费品,环保/家居健康,
上海谭浩餐饮管理有限公司,供应链经理,餐饮,餐饮,
上海希璞家具有限公司,总经理,其他,NULL,
上海喜敖马恩科技有限公司,NULL,其他,NULL,
上海相宜本草化妆品股份有限公司,产品经理,消费品,快消品,
上海英利生贸易有限公司,总监,消费品,服饰服装,
上海宇易生物科技有限公司,副总经理,其他,NULL,
上海域亦实业发展有限公司,NULL,其他,NULL,
上海域亦实业发展有限公司,法人,其他,NULL,
上海真观品牌管理有限公司,研究員,其他,NULL,
上海猪嗲嗲餐饮管理有限公司,品牌市场部负责人,其他,NULL,
上海左庭右院企业管理有限公司,训练优化总监,餐饮,餐饮,
深圳八零赞电子商务有限公司,创始人,跨境电商,电子商务,
深圳京正康源商贸有限公司,市场销售总监,消费品,新零售,
深圳京正康源商贸有限公司,运营经理,消费品,新零售,
深圳酷骑童趣科技有限公司,客服经理,其他,NULL,
深圳酷骑童趣科技有限公司,流量运营,其他,NULL,
深圳里子科技贸易有限公司,设计师,其他,新零售,
深圳市布宜诺实业有限公司,用户中心,其他,NULL,
奥迪,销售经理,其他,NULL,
北京很久以前餐饮管理有限公司,品牌营销经理,餐饮,餐饮行业,
北京华睿博视医学影像技术有限公司,NULL,科技,医疗影像,
北京全福凯旋家具有限公司,全国销售,其他,制造业,
北京全福凯旋家具有限公司,人力资源经理,消费品,家具行业,
北京全福凯旋家具有限公司,人力资源经理,其他,制造业,
北京世纪鲲鹏国际传媒广告有限公司,总经理,其他,NULL,
北京下厨房科技有限公司,供应链负责人,消费品,快消品,
北京新世纪青年饮食有限公司,NULL,餐饮,餐饮,
北京阳坊胜利饮食文化发展有限公司,总经理,餐饮,餐饮,
北京映天下网络科技有限公司,CEO,科技,数字营销,
长沙市到家悠享网络科技有限公司,NULL,科技,家政互联网,
长沙誉文科技有限公司,PM,消费品,健康产品,
成都彼得潘餐饮管理有限公司,总经理,其他,NULL,
成都品野生物科技有限公司,NULL,其他,NULL,
成都一起精彩体育发展有限公司,产品体验负责人,其他,教育,
多福,经理,其他,NULL,
佛山那哲空间设计有限公司,总经理,其他,NULL,
福建回魏餐饮管理有限公司,品牌总监,其他,NULL,
福建回魏餐饮管理有限公司,市场部经理,其他,NULL,
个人,创始人,消费品,服装零售,
个人,课程设计,消费品,美业,
光屿路得（上海）科技有限公司,CEO,由于提供的<|行业|>值为NULL，无法判断所属行业，所以填写：其他,NULL,
广东参之源健康科技有限公司,产品经理,消费品,滋补,
广东参之源健康科技有限公司,客服经理,消费品,滋补,
广东麦多多实业有限公司,产品经理,科技,3c数码,
广东麦多多实业有限公司,产品经理,科技,电子行业,
广东麦多多实业有限公司,电商经理,消费品,3c数码,
广东麦多多实业有限公司,副总经理,科技,电子行业,
广东民大投资集团有限公司赤坎分公司,副总裁,其他,NULL,
广东启迪,NULL,其他,NULL,
广东省拼奇文化科技有限公司,BM,消费品,潮流玩具,
广东狮想家科技有限公司,运营,科技,电商互联网,
广州巨浪餐饮管理有限公司,训练经理,其他,NULL,
广州乐悦文化投资有限公司,高级研发师,其他,NULL,
广州荔支网络技术有限公司,NULL,其他,NULL,
广州摩匠餐饮服务有限公司,研发负责人,其他,NULL,
广州暮嫣科技有限公司,NULL,"无法判断，建议补充相关信息。

由于引用数据中<|行业|>的值为NULL，没有具体的行业信息，所以无法按照要求从“跨境电商、消费品、餐饮、科技、其他”中选择一个进行填充。 ",NULL,
广州暮嫣科技有限公司,产品经理,其他,NULL,
广州市卓越里程教育科技股份有限公司,副总裁,其他,教育培训,
广州思迈新服饰有限公司,亚马逊门店运营经理,跨境电商,跨境电商,
广州西海岸餐饮管理有限公司天宜分公司,市场经理,餐饮,餐饮,
广州兴趣岛信息科技有限公司,产品,科技,教育培训/互联网,
广州兴趣岛信息科技有限公司,教研负责人,科技,教育培训/互联网,
广州兴趣岛信息科技有限公司,内容负责人,科技,教育培训/互联网,
广州兴趣岛信息科技有限公司,全国销售副总裁兼事业部总经理,其他,教育,
广州兴趣岛信息科技有限公司,运营经理,科技,教育培训/互联网,
广州雅梵哲生物技术有限公司,品牌中心策划总监,其他,NULL,
贵州天地人和酒业有限公司,NULL,其他,教育培训,
桂满陇餐饮,NULL,餐饮,餐饮,
海南景咖科技有限公司,董事长,其他,住宿,
海南景咖科技有限公司,董事长,其他,住宿行业,
杭州布道教育科技有限公司,高管,其他,服务,
杭州布道教育科技有限公司,品牌策划,其他,服务,
杭州番茄星球文化传播有限公司,CEO,其他,NULL,
杭州靖安科技有限公司,体验设计专家,科技,互联网,
杭州莉莉悠网络科技有限公司,NULL,其他,NULL,
杭州连童文化创意有限公司,NULL,其他,NULL,
杭州拾影家居有限公司,产品经理,其他,传统制造,
杭州维学新知网络科技有限公司,联合创始人,其他,NULL,
杭州小影创新科技股份有限公司,社媒运营,科技,出海互联网,
杭州星洢科技有限公司,CEO,科技,新媒体电商,
杭州易达工具有限公司,运营总监,跨境电商,跨境电商,
杭州尤赫控股有限公司,线下运营负责人,消费品,国内电商,
河南国立米科斯科技有限公司,品牌经理,跨境电商,贸易/进出口,
河南九牛电子商务有限公司,运营总监,其他,NULL,
湖南可言可甜品牌管理有限公司,品牌经理,由于提供的<|行业|>信息为 NULL，无法判断属于哪个行业，故填充为其他,NULL,
湖南厘享健康科技有限公司,运营经理,其他,NULL,
湖州函炜服饰有限公司,品牌部经理,其他,NULL,
皇家生殖医院,总经理,其他,NULL,
惠州市虹霓贸易有限公司,经理,其他,NULL,
火炉旁,NULL,由于<|行业|>为NULL，无法判断所属行业，故输出为其他。,NULL,
江苏马可教育,NULL,其他,NULL,
江西万秘堂大药房连锁有限公司,CEO,其他,NULL,
劲霸男装（上海）有限公司,ceo,消费品,服饰服装,
劲霸男装（上海）有限公司,零售运营副总监,消费品,服饰服装,
劲霸男装（上海）有限公司,商品总监,消费品,服饰服装,
精酿,老板,其他,NULL,
立达幼师,负责人,其他,职业教育,
溧阳市天目湖南山竹海旅游有限公司,质量经理,其他,NULL,
卢冠锋,创始人,餐饮,餐饮行业,
美思薇,CEO,其他,NULL,
南京麦森生物科技有限公司,产品经理,其他,NULL,
宁波弥拓科技有限公司,总经理,其他,NULL,
启晟（天津）宠物医院管理有限公司,品牌负责人,其他,NULL,
轻松简单科技（深圳）有限公司,CPO,其他,文化艺术,
塞特知識股份有限公司,CEO,其他,NULL,
山东净颜社品牌管理有限公司,NULL,其他,NULL,
山东净颜社品牌管理有限公司,经理,其他,NULL,
陕西新熹餐饮管理有限公司,运营总监,其他,NULL,
上海艾雷电子商务有限公司,运营总监,消费品,电商消费,
上海德必文化创意产业发展（集团）股份有限公司,董事长助理,其他,服务业,
上海东制文化科技发展有限公司,NULL,由于<|行业|>字段为NULL，无法判断具体行业，因此填充为：其他,NULL,
上海房外房信息科技有限公司,会员服务负责人,其他,房地产,
上海箭扣体育文化传播有限公司,联合创始人,其他,NULL,
上海空空无言文化传播有限公司,NULL,其他,教育,
上海拉尔森汽车销售有限公司,NULL,由于引用数据中<|行业|>为 NULL，无法判断所属行业，答案为其他,NULL,
上海拉尔森汽车销售有限公司,Ceo,其他,NULL,
上海拉尔森汽车销售有限公司,总经理,其他,NULL,
上海满小饱食品科技有限公司,副总,其他,NULL,
上海满小饱食品科技有限公司,满小饱行销推广主管,其他,NULL,
上海曼伦商贸有限公司,总监,其他,NULL,
上海盘点食品科技有限公司,NULL,其他,NULL,
上海盘点食品科技有限公司,董事长,其他,NULL,
上海盘点食品科技有限公司,运营总监,其他,NULL,
上海七壶餐饮管理有限公司,常务副总,其他,NULL,
上海七十迈数字科技有限公司,产品总监,科技,物联网科技,
上海世达食品有限公司,副董事长,其他,NULL,
上海世好食品股份有限公司,高级培训经理,其他,NULL,
上海谭浩餐饮管理有限公司,人资中心负责人,餐饮,餐饮,
上海瞳话顾视智能科技有限公司,创始人,其他,NULL,
上海西夜餐饮有限公司,店长,其他,NULL,
上海绪启开物餐饮管理有限公司,NULL,餐饮,餐饮,
上海绪启开物餐饮管理有限公司,总经理助理,餐饮,餐饮,
上海耶里夏丽餐饮管理有限公司,NULL,餐饮,餐饮,
上海耶里夏丽餐饮管理有限公司,董事长,餐饮,餐饮,
Tohavit,主管,其他,NULL,
w cosmetics,director,其他,NULL,
阿仁（上海）信息科技有限公司,私董会教练,其他,培训咨询行业,
安徽微沃信息科技股份有限公司,总经理,跨境电商,跨境电商,
巴蜀大将,运营,其他,NULL,
北京聪明核桃教育科技有限公司,合伙人,其他,NULL,
北京广杰技术有限公司,经理,其他,NULL,
北京华睿博视医学影像技术有限公司,NULL,其他,医疗器械,
北京全福凯旋家具有限公司,全国销售,消费品,家具,
北京全福凯旋家具有限公司,全国销售,消费品,家具行业,
北京小罐茶业有限公司,运营总监,由于提供的<|行业|>字段值为 NULL，无法判断所属行业，故选择：其他,NULL,
北京新橙科技有限公司,流量增长负责人,其他,NULL,
北京新世纪青年饮食有限公司,店长,餐饮,餐饮,
北京雪鸮科技有限公司,NULL,其他,NULL,
北京亚克思维科技有限公司,CEO,由于提供的<|行业|>字段值为NULL，无法判断所属行业，因此答案为其他,NULL,
东莞市脑动创意文化传播有限公司,CEO,其他,NULL,
东莞市佐赫电子有限公司,合伙人,其他,NULL,
福州有家装饰工程有限公司,总经理,其他,NULL,
个人,课程设计,消费品,服装零售,
个人,运营➕训练,消费品,美业,
关谷,区总,其他,NULL,
广东艾瑞斯电器有限公司,老板,其他,NULL,
广东参之源健康科技有限公司,CEO,消费品,滋补,
广东参之源健康科技有限公司,品牌经理,消费品,滋补,
广东电声市场营销股份有限公司,总经理,其他,NULL,
广东麦多多实业有限公司,副总经理,消费品,数码配件,
广东省拼奇文化科技有限公司,NULL,消费品,玩具,
广东省拼奇文化科技有限公司,产品创意总监,消费品,玩具,
广东伊丽汇美容科技有限公司,NULL,其他,NULL,
广州爱加电子商务有限公司,联合创始人,跨境电商,跨境电商,
广州诚赢电子商务有限公司,总经理,其他,NULL,
广州等我送上门餐饮有限公司,运营总监,由于<|行业|>的值为NULL，无法判断所属行业，故答案为其他,NULL,
广州乐怡文化投资有限公司,副总裁,其他,NULL,
广州六一信息科技有限公司,创始人,其他,NULL,
广州摩客贸易有限公司,店长,消费品,服装,
广州摩客贸易有限公司,全国营销培训总监,消费品,服装,
广州摩客贸易有限公司,商品总监,消费品,服装,
广州奇积科技有限公司,国内负责人,其他,NULL,
广州榕意餐饮管理有限公司,人力总监,餐饮,餐饮,
广州萨维兰网络科技有限公司,副总经理,跨境电商,跨境电商,
广州市原上服饰实业有限公司,NULL,其他,NULL,
广州思迈新服饰有限公司,PMO,跨境电商,跨境电商,
广州天谷睡眠科技有限公司,设计师,其他,NULL,
广州拓瑞信息技术有限公司,总经理,跨境电商,跨境电商,
广州兴趣岛信息科技有限公司,内容经理,其他,教育,
广州兴趣岛信息科技有限公司,全国销售副总裁兼事业部总经理,科技,教育培训/互联网,
广州兴趣岛信息科技有限公司,项目负责人,其他,教育,
广州兴趣岛信息科技有限公司,项目负责人,科技,教育培训/互联网,
广州兴趣岛信息科技有限公司,用户满意品控和升级中心负责人,其他,教育,
广州雅梵哲生物技术有限公司,总监,其他,NULL,
广州一龙卓越餐饮管理有限公司,创始人,其他,NULL,
国洋（上海）电子有限公司,总经理,其他,NULL,
邯郸设计家网络科技有限公司,CEO,其他,NULL,
杭州贝乐文化传播有限公司,总经理,其他,NULL,
杭州布道教育科技有限公司,产品设计,其他,服务,
杭州布道教育科技有限公司,私域负责人,其他,服务,
杭州布道教育科技有限公司,销售,其他,服务,
杭州红盟引擎科技有限公司,Ceo,其他,NULL,
杭州拾影家居有限公司,品类运营,其他,传统制造,
杭州维学新知网络科技有限公司,CEO,其他,NULL,
杭州易达工具有限公司,总经理,跨境电商,跨境电商,
湖南可言可甜品牌管理有限公司,合伙人,其他,NULL,
湖南省艾檬电子有限公司,店长,其他,NULL,
湖南省艾檬电子有限公司,经理,其他,NULL,
湖州函炜服饰有限公司,NULL,其他,NULL,
湖州函炜服饰有限公司,商品负责人,其他,NULL,
济南海顾踏踏虎健康科技有限公司,创始人,其他,NULL,
金华觅山工贸有限公司,联合创始人,其他,NULL,
绝味鸭脖,顾客增长总监,其他,NULL,
珂睿斯科技（深圳）有限公司,品牌总监,跨境电商,跨境电商,
莱美健身服务（上海）有限公司,市场总监,其他,NULL,
溧阳市天目湖南山竹海旅游有限公司,总裁助理,其他,NULL,
柳州市远黛贸易有限公司,产品总监,其他,NULL,
柳州市远黛贸易有限公司,客服,其他,NULL,
卢冠锋,老板,餐饮,餐饮行业,
马克实业（深圳）有限公司,创始人/品牌总监,其他,国内电商,
米芝莲餐饮管理,经理,其他,NULL,
明康汇生态农业集团有限公司,NULL,消费品,零售,
慕迪贸易（深圳）有限公司,CEO,消费品,Retail,
南京医格尔信息科技有限公司,运营,其他,NULL,
柒唐风,经理,其他,NULL,
启晟（天津）宠物医院管理有限公司,Coo,其他,NULL,
潜江市蓝天教育集团,品宣,由于<|行业|>的值为NULL，无法判断所属行业，因此答案为其他,NULL,
青岛伊可普电器有限公司,总经理,其他,国内电商,
轻松简单科技（深圳）有限公司,CPO,跨境电商,电商,
泉州市银泰包袋工贸有限公司,设计总监,由于引用数据中行业字段为 NULL，无法判断所属行业，故答案为：其他,NULL,
山东肤康生物技术有限公司,NULL,由于未提供<|行业|>的具体内容，无法完成判断和填充。请补充<|行业|>的具体数据。 ,System.String[],
陕西新熹餐饮管理有限公司,品牌负责人,其他,NULL,
陕西助力文化,总经理,其他,NULL,
上海艾雷电子商务有限公司,NULL,消费品,电商消费,
上海艾雷电子商务有限公司,副总经理,消费品,电商消费,
上海艾雷电子商务有限公司,合伙人,消费品,电商消费,
上海爱用科技股份有限公司,设计师,其他,NULL,
上海贝耳塔信息技术有限公司,产品经理,其他,NULL,
上海聪颖文化用品有限公司,总经理助理,其他,NULL,
上海德晖景和投资管理有限公司,平面设计,其他,NULL,
上海德晖景和投资管理有限公司,私域运营,其他,NULL,
上海东制文化,NULL,其他,NULL,
上海谷尼管理咨询有限公司,总经理,科技,信息，咨询,
上海冠升教育科技有限公司,NULL,其他,NULL,
上海浩睿健身服务有限公司,老板,其他,NULL,
上海禾莉雅文化传媒有限公司,创始人,其他,NULL,
上海京贝餐饮管理有限公司,副总,其他,NULL,
上海桔子摄影有限公司,总经理,其他,摄影,
上海卡乐优儿童用品有限公司,销售总监,"跨境电商

注：一般来说，电商是指通过电子手段进行商业交易的活动，跨境电商是电商的一个重要细分领域。由于没有更明确的指向，从宽泛角度通常可将其归为跨境电商这一类别。如果后续有更详细的业务信息，分类可能会更精准。 ",电商,
上海卡乐优儿童用品有限公司,销售总监,消费品,儿童玩具/文具,
上海空空无言文化传播有限公司,课程运营主管,科技,高新科技,
上海空空无言文化传播有限公司,课程运营主管,其他,教育,
上海聆问者互联网信息科技有限公司,经理,其他,NULL,
上海满小饱食品科技有限公司,vp,其他,NULL,
上海满小饱食品科技有限公司,抖音运营总监,其他,NULL,
上海苹米商务咨询有限公司,合伙人,其他,服务,
上海睿一体育发展有限公司,合伙人,其他,运动康复,
上海谭浩餐饮管理有限公司,营建总监,餐饮,餐饮,
上海谭浩餐饮管理有限公司,主管,餐饮,餐饮,
上海喜敖马恩科技有限公司,内容,其他,NULL,
上海绪启开物餐饮管理有限公司,品牌总监,餐饮,餐饮,
上海妍州实业有限公司,总经理,其他,NULL,
上海英利生贸易有限公司,NULL,消费品,服饰服装,
上海张啦啦餐饮管理有限公司,总经理,其他,NULL,
艾尚生活文化有限公司,10,其他,NULL,
北京很久以前餐饮管理有限公司,品牌经理,餐饮,餐饮行业,
北京南城香餐饮有限公司,评价中心负责人,其他,NULL,
北京三万共赢科技合伙企业(有限合伙),创始合伙人,其他,NULL,
北京惟真管理咨询有限公司,创始人,其他,NULL,
北京下厨房科技有限公司,供应链负责人,其他,国内电商,
北京下厨房科技有限公司,品牌营销经理,消费品,快消品,
北京新橙科技有限公司,CEO,其他,NULL,
北京阳坊胜利饮食文化发展有限公司,运营副总,餐饮,餐饮,
滨州派斯乐笔业有限公司,董事长,由于引用数据中行业为 NULL，无法判断所属行业，故应填其他。,NULL,
长沙誉文科技有限公司,NULL,跨境电商,跨境电商,
长沙誉文科技有限公司,FOUNDER,其他,医疗,
长沙誉文科技有限公司,PM,其他,医疗,
长沙誉文科技有限公司,经理,跨境电商,跨境电商,
成都一起精彩体育发展有限公司,教学运营,其他,教育,
宠爱生活（厦门）科技有限公司,总经理,消费品,宠物食品,
宠爱生活（厦门）科技有限公司,总经理,消费品,宠物行业,
东莞市华世食品有限公司,项目经理,餐饮,餐饮业,
方家铺子,门店运营总监,其他,NULL,
个人,总经理,消费品,美业,
广东参之源健康科技有限公司,NULL,消费品,零售,
广东参之源健康科技有限公司,Ka负责人,消费品,滋补,
广东参之源健康科技有限公司,品牌经理,消费品,零售,
广东麦多多实业有限公司,副总经理,跨境电商,电商,
广东麦多多实业有限公司,副总经理,消费品,消费电子,
广东省木盛生物有限公司,负责人,其他,NULL,
广东省拼奇文化科技有限公司,HRD,消费品,潮流玩具,
广东省拼奇文化科技有限公司,联合创始人,消费品,快销,
广东伊丽汇美容科技有限公司,null,其他,NULL,
广云堂药业（广东）有限公司,总监,其他,医药,
广云堂药业（广东）有限公司,总监,消费品,医药电商,
广州金十信息科技有限公司,NULL,其他,NULL,
广州青花瓷健康科技有限公司,NULL,其他,NULL,
广州青花瓷健康科技有限公司,董事长,其他,NULL,
广州青花瓷健康科技有限公司,培训老师,其他,NULL,
广州市茉善国际贸易有限公司,CEO,其他,NULL,
广州市原上服饰实业有限公司,事业部负责人,其他,NULL,
广州市增城区卓越教育培训中心,用户推广师,其他,NULL,
广州思迈新服饰有限公司,CEO,跨境电商,跨境电商,
广州天成餐饮有限公司,运营经理,餐饮,餐饮,
广州兴趣岛信息科技有限公司,NULL,其他,教育,
广州兴趣岛信息科技有限公司,Ip商务总监,其他,教育,
广州兴趣岛信息科技有限公司,高级经理,其他,教育,
广州兴趣岛信息科技有限公司,人事副总裁,科技,教育培训/互联网,
贵州天地人和酒业有限公司,NULL,消费品,白酒,
贵州喜百年装饰,NULL,其他,NULL,
海南景咖科技有限公司,CEO,其他,住宿,
杭州艾啦时尚品牌管理有限公司,商品,其他,国内电商,
杭州布道教育科技有限公司,ceo,其他,服务,
杭州布道教育科技有限公司,产品中心总监,其他,服务,
杭州布道教育科技有限公司,抖音运营,其他,服务,
杭州布道教育科技有限公司,客户体验部经理,其他,服务,
杭州布道教育科技有限公司,视觉经理,其他,服务,
杭州布道教育科技有限公司,运营总监,其他,服务,
杭州布道教育科技有限公司,总经理,其他,服务,
杭州宏观星路生物科技有限公司,联合创始人,其他,NULL,
杭州银河山田食品科技有限公司,NULL,其他,NULL,
灏基（杭州）企业管理咨询有限公司,分公司总经理,其他,医疗,
和也健康科技有限公司,品牌部经理,其他,NULL,
河北刘伶醉酿酒销售有限公司,总经理,其他,NULL,
呼和浩特市新途径培训服务有限公司,品牌运营中心,其他,NULL,
湖南省艾檬电子有限公司,NULL,由于输入中行业字段的值为 NULL，无法判断所属行业，因此答案为：其他,NULL,
花卤卤餐饮有限公司,营销总监,其他,NULL,
慧庠（广东）母婴健康科技有限公司,总经理,消费品,母婴,
江苏万家如意食品有限公司,经理,其他,NULL,
江西心隐企业管理咨询有限公司,品牌总监,其他,美容SPA/健康管理,
劲霸男装（上海）有限公司,副总裁,消费品,服饰服装,
劲霸男装（上海）有限公司,新媒体,消费品,服饰服装,
九江尚和文餐饮管理有限公司,NULL,其他,NULL,
零一裂变（深圳）科技有限公司,NULL,无法判断，答案为其他,NULL,
名创优品（广州）有限责任公司,CHRO,其他,NULL,
明康汇生态农业集团有限公司,经营管理中心负责人,消费品,零售,
明月镜片股份有限公司,创新业务,由于未提供<|行业|>具体内容，无法准确判断属于哪个行业，请提供<|行业|>的详细信息。 ,System.String[],
明月镜片股份有限公司,股东,因为没有具体的<|行业|>内容，无法判断属于哪个行业，答案为其他,System.String[],
莫敏,品牌经理,其他,NULL,
南京医格尔信息科技有限公司,推广主管,其他,NULL,
南宁高新区飞小邕餐饮店,NULL,由于没有提供<|行业|>的具体内容，无法完成判断，请提供<|行业|>的具体信息。,System.String[],
年年有余（浙江）文化科技有限公司,NULL,其他,NULL,
年年有余（浙江）文化科技有限公司,设计,其他,NULL,
年年有余（浙江）文化科技有限公司,投放负责人,其他,NULL,
宁波乐本文化创意有限公司,总经理,其他,NULL,
宁波拓璞企业管理咨询有限公司,NULL,其他,NULL,
启晟（天津）宠物医院管理有限公司,CFO,其他,NULL,
轻功体育用品（武汉）有限公司,CEO,其他,体育,
人生管理學院,教學統籌,其他,NULL,
山东锵锵文化传媒有限公司,品牌创始人,其他,NULL,
上海聪颖文化用品有限公司,NULL,其他,NULL,
上海聪颖文化用品有限公司,产品经理,其他,NULL,
上海冠升教育科技有限公司,,其他,NULL,
上海冠升教育科技有限公司,财务总监,其他,NULL,
上海九翊餐饮管理有限公司,创始人,餐饮,餐饮,
上海满小饱食品科技有限公司,行销推广,其他,NULL,
上海奈尔宝企业管理有限公司,副总裁,其他,NULL,
上海七十迈数字科技有限公司,NULL,科技,物联网科技,
上海七十迈数字科技有限公司,宠物线品牌负责人,科技,物联网科技,
上海七小七贸易有限公司,创始人,由于提供的<|行业|>为 NULL，无法判断所属行业，故填充为其他,NULL,
上海世达食品有限公司,销管,其他,NULL,
上海世谊商贸有限公司,创始人,消费品,环保/家居健康,
上海水星家用纺织品股份有限公司,副总,其他,制造业,
上海西夜餐饮有限公司,副总经理,其他,NULL,
上海喜敖马恩科技有限公司,品牌,其他,NULL,
上海相宜本草化妆品股份有限公司,cmo,消费品,快消品,
上海绪启开物餐饮管理有限公司,合伙人,餐饮,餐饮,
上海颐拍网络科技有限公司,创始人,其他,NULL,
上海泽田餐饮管理有限公司,营运总监,其他,NULL,
上海猪嗲嗲餐饮管理有限公司,创始人,其他,NULL,
上海倬祝营销咨询有限公司,市场总监,消费品,耐消品,
上海自也网络科技有限公司,NULL,科技,软件与信息服务,
深圳百果园实业（集团）股份有限公司,营销总监,消费品,连锁门店,
深圳酷骑童趣科技有限公司,品牌经理,其他,NULL,
深圳侨城菲诺口腔门诊部,牙医,其他,NULL,
深圳市爱微饰品有限公司,董事总经理,消费品,配饰,
深圳市布宜诺实业有限公司,产品经理,其他,NULL,
深圳市对庄科技有限公司,HRD,跨境电商 ,电子商务,
舒适度（上海）技术有限公司,常务副总经理,其他,NULL,
苏州大禹数字文化科技集团有限公司,营销,其他,NULL,
苏州秦潮味餐饮管理有限公司,品牌运营总监,其他,NULL,
童画森林国际教育科技（北京）有限公司,品牌经理,其他,NULL,
蛙来哒（广东）咨询管理有限公司,财务总监,餐饮,餐饮行业,
蛙来哒（广东）咨询管理有限公司,产品研发,餐饮,餐饮行业,
渭南市水中天茶文化有限公司,NULL,餐饮,现代茶馆,
渭南市水中天茶文化有限公司,总经理,餐饮,现代茶馆,
西末广告（上海）有限公司,NULL,由于引用数据中行业字段为 NULL，无法判断所属行业，答案为其他,NULL,
厦门山国饮艺茶业有限公司,文化馆总经理,其他,制造业,
厦门瞬恒群星文化集团有限公司,董事长,其他,NULL,
湘阴县佰嘉丽景酒店管理有限公司,店总,其他,服务,
浙江海明实业有限公司,NULL,消费品,服装、农场,
浙江和也健康科技有限公司,经理助理,其他,NULL,
浙江驿淘科技,NULL,由于<|行业|>为NULL，无法判断其所属行业，答案为其他,NULL,
重庆田棒棒餐饮有限公司,运营负责人,其他,NULL,
重庆新唯易电子科技有限公司,店长,由于引用数据中行业字段为 NULL，无法判断所属行业，故填写其他。,NULL,
卓越教育,用户推广副总监,其他,教育,
阿里,HR,其他,NULL,
白宇桐,NULL,由于提供的行业数据为NULL，无法判断具体所属行业，因此答案为其他。,NULL,
北京聪明核桃教育科技有限公司,NULL,其他,NULL,
北京南城香餐饮有限公司,NULL,其他,NULL,
北京全福凯旋家具有限公司,门店经理,消费品,家具,
北京全福凯旋家具有限公司,门店经理,消费品,家具行业,
北京全福凯旋家具有限公司,人力资源经理,消费品,家具,
北京市盈科（广州）律师事务所,合伙人,其他,NULL,
北京新橙科技有限公司," ",其他,NULL,
北京新世纪青年饮食有限公司,营运训练,餐饮,餐饮,
北京雪鸮科技有限公司,市场营销,其他,NULL,
必扑生物科技（青岛）有限公司,主管,其他,NULL,
长沙市到家悠享网络科技有限公司,产品运营负责人,科技,家政互联网,
长沙市米漾米居酒店管理有限公司,运营总监,其他,NULL,
长沙市尚禾霖科技有限公司,主理,其他,NULL,
长沙誉文科技有限公司,FOUNDER,消费品,健康产品,
成都兴旺动物药业有限公司,副总,其他,畜牧,
创业筹备中,创始人,其他,NULL,
东莞市佐赫电子有限公司,NULL,其他,NULL,
佛山启朗健身,主理人,其他,NULL,
福州有家装饰工程有限公司,NULL,其他,NULL,
个人,经理,消费品,美业,
个人,总经理,其他,地产,
个人,总经理,消费品,服装零售,
广昌县清辰贸易有限公司,联合创始人,其他,NULL,
广东参之源健康科技有限公司,CEO,消费品,零售,
广东参之源健康科技有限公司,产品经理,消费品,零售,
广东参之源健康科技有限公司,商品价值开发负责人,消费品,滋补,
广东省拼奇文化科技有限公司,NULL,消费品,潮流玩具,
广东省拼奇文化科技有限公司,BM,消费品,快销,
广东狮想家科技有限公司,总经理,科技,电商互联网,
广州博志商贸有限公司,NULL,其他,NULL,
广州等我送上门餐饮有限公司,NULL,其他,NULL,
广州乐怡文化投资有限公司,未来书房项目负责人,其他,NULL,
广州秘令科技有限公司,董事长,消费品,美容行业,
广州奶糖派服装有限公司,NULL,其他,NULL,
广州奇积科技有限公司,CBG负责人,其他,NULL,
广州奇积科技有限公司,套装北美组负责人,其他,NULL,
广州青花瓷健康科技有限公司,负责人,其他,NULL,
广州萨维兰网络科技有限公司,总经理,跨境电商,跨境电商,
广州市原上服饰实业有限公司,品牌运营经理,其他,NULL,
广州市卓越里程教育科技有限公司,NULL,其他,教育培训,
广州市卓越里程教育科技有限公司,分区校长,其他,教育培训,
广州思迈新服饰有限公司,品类经理,跨境电商,跨境电商,
广州天成餐饮管理有限公司,市场经理,其他,NULL,
广州天成餐饮有限公司,总经理,餐饮,餐饮,
广州拓瑞信息技术有限公司,NULL,跨境电商,跨境电商,
广州兴趣岛信息科技有限公司,Ip商务总监,科技,教育培训/互联网,
广州兴趣岛信息科技有限公司,内容负责人,其他,教育,
广州一酷电子商务有限公司,老板,其他,NULL,
贵州喜百年装饰,品牌策划,其他,NULL,
杭州艾啦时尚品牌管理有限公司,高级视觉经理,消费品,国内电商,
杭州布道教育科技有限公司,NULL,其他,服务,
杭州布道教育科技有限公司,产品经理,其他,服务,
杭州布道教育科技有限公司,监事长,其他,服务,
杭州德艾贸易有限公司,Ceo,跨境电商,电商,
杭州佳舟创新科技有限公司,CMO,跨境电商,跨境电商,
杭州靖安科技有限公司,体验设计专家,科技,defense tech,
杭州靖安科技有限公司,体验设计专家,其他,军工,
杭州靖安科技有限公司,体验设计专家,科技,软件科技,
杭州灸印堂健康发展有限公司,CEO,其他,NULL,
杭州灸印堂健康发展有限公司,行政,其他,NULL,
杭州连童文化创意有限公司,项目经理,其他,NULL,
杭州拾影家居有限公司,创始人,其他,传统制造,
杭州万事利丝绸文化股份有限公司,新电商事业部总经理,消费品,零售业,
杭州小黑盒信息技术有限公司,NULL,其他,NULL,
杭州小黑盒信息技术有限公司,三利项目负责人兼运营总监,其他,NULL,
杭州心芽信息科技有限公司,运营VP,其他,NULL,
杭州星洢科技有限公司,NULL,科技,新媒体电商,
杭州易达工具有限公司,产品经理,跨境电商,跨境电商,
合肥初喜母婴护理有限公司,总经理,其他,NULL,
合肥蓝梦猫品牌管理有限公司,总经理,其他,NULL,
合肥亿行医药有限公司,渠道负责人,由于引用数据中<|行业|>为 NULL，无法获取有效行业信息，所以答案为其他,NULL,
河南九牛电子商务有限公司,运营,其他,NULL,
河南鲜风商业连锁有限公司,店长,其他,NULL,
呼和浩特市新途径培训服务有限公司,电商部二级主管,由于提供的<|行业|>数据为 NULL，无法准确判断所属行业，故答案为其他,NULL,
湖南米漾酒店管理有限公司,副总经理,其他,NULL,
吉林省瑞曼沃德服饰有限公司,创始人,其他,NULL,
济南潮十三餐饮管理有限公司,朱屾,餐饮,餐饮中餐,
见鲸科技（南京）有限公司,NULL,其他,NULL,
见鲸科技（南京）有限公司,产品经理,由于<|行业|>的值为 NULL，无法判断所属行业，答案为无法确定。 ,NULL,
见鲸科技（南京）有限公司,合伙人,其他,NULL,
江苏吉家宠物用品有限公司,品牌总监,其他,NULL,
江苏科美新材料有限公司,董事长,其他,化工,
江苏马可教育,投资人,其他,NULL,
江西心隐企业管理咨询有限公司,品牌线负责人,其他,服务行业,
金华市常资健健康科技有限公司,ceo,其他,NULL,
晶生好运珠宝,总经理,其他,NULL,
卡亚蒂芙（北京）文化有限公司,品牌创始人和主理人,其他,NULL,
科联社（上海）咨询管理有限公司,自由职业,其他,NULL,
柳州市远黛贸易有限公司,NULL,其他,NULL,
柳州市远黛贸易有限公司,电商运营,其他,NULL,
南京广迪信息科技有限公司,负责人,其他,NULL,
南京图益创意科技有限公司,线下直营业务负责人,消费品,益智玩具,
南京小灿灿网络科技有限公司,密芽控股创始人,其他,NULL,
年年有余（浙江）文化科技有限公司,设计总监,其他,NULL,
年年有余（浙江）文化科技有限公司,新媒体运营,其他,NULL,
宁波拓璞企业管理咨询有限公司,总经理助理,其他,NULL,
平安银行,用户研究员,其他,NULL,
平安银行股份有限公司,NULL,其他,NULL,
启晟（天津）宠物医院管理有限公司,CEO,其他,NULL,
秦淮区宇乾图文经营部（个体工商户）,联合负责人,由于<|行业|>字段为NULL，无法判断所属行业，可填充为其他,NULL,
青岛伊可普电器有限公司,广告经理,跨境电商,跨境电商,
青岛怡乐景观设计工程有限公司,采购经理,其他,NULL,
山西袋鼠先生商贸有限公司,CEO,其他,NULL,
陕西桦锂信泰新材料有限公司,店长,其他,NULL,
陕西水中天文化发展有限公司,品牌推广事业部,餐饮,现代茶馆,
上海艾雷电子商务有限公司,总经理,消费品,电商消费,
上海安敏诺生物科技有限公司,创始人,其他,NULL,
上海柏荟医疗集团,大市场中心主任,其他,NULL,
上海必看科技有限公司,COO,其他,NULL,
上海聪颖文化用品有限公司,品牌负责人,其他,NULL,
上海聪颖文化用品有限公司,运营总监,其他,NULL,
上海冠升教育科技有限公司,GM,其他,NULL,
上海冠升教育科技有限公司,研发总监,其他,NULL,
上海冠升教育科技有限公司,总经理,其他,NULL,
上海海纳川教育科技有限公司,企业事业部 总监,其他,NULL,
上海怀禹科技有限公司,创始人,科技,企业服务,
上海桔子摄影有限公司,NULL,其他,摄影,
上海满小饱食品科技有限公司,CEO,其他,NULL,
上海庞泉酒业有限公司,总经理,其他,NULL,
上海上室网络科技有限公司,NULL,消费品,消费品,
NULL,NULL,其他,NULL,
巴蜀大将,NULL,其他,NULL,
长沙市米漾米居酒店管理有限公司,店长,其他,NULL,
长沙誉文科技有限公司,FOUNDER,跨境电商,跨境电商,
常州棉之初服饰有限公司,创始人,其他,NULL,
成都兴旺动物药业有限公司,副总,其他,农林牧渔,
存善,NULL,"无法确定，因引用数据中行业字段为NULL，没有足够信息判断属于哪个具体行业。若需选择可填“其他” 。
其他",NULL,
大童保险服务,经营合伙人,其他,NULL,
东莞市脑动创意文化传播有限公司,NULL,其他,NULL,
东莞市脑动创意文化传播有限公司,销售主管,其他,NULL,
东莞市三只蜜蜂餐饮管理有限公司,总经理,其他,NULL,
东莞市笙钰电子商务有限公司,老板,其他,NULL,
发颜悦色,创始人,科技,互联网企业,
福州有家装饰工程有限公司,美第家居董事长,其他,NULL,
福州有家装饰工程有限公司,总裁,"由于<|行业|>的值为NULL，无法判断所属行业，故填充其他。
其他",NULL,
个人,创始人,消费品,美业,
广东参之源健康科技有限公司,运营总监,消费品,零售,
广东合享投资管理有限公司,投资经理,其他,金融,
广东建元玩具实业有限公司,创始人,其他,制造业,
广东钜湧不锈金属科技有限公司,总经理,其他,NULL,
广东省拼奇文化科技有限公司,VP,消费品,潮流玩具,
广州荔支网络技术有限公司,副总裁,其他,NULL,
广州青花瓷健康科技有限公司,教育部,其他,NULL,
广州市一叶餐饮管理有限公司,总经理,其他,NULL,
广州市原上服饰实业有限公司,设计经理,其他,NULL,
广州兴趣岛信息科技有限公司,教研负责人,其他,教育,
广州兴趣岛信息科技有限公司,运营经理,其他,教育,
广州星际悦动股份有限公司,IT总监,无法判断，建议提供更多具体信息以准确判断所属行业。,NULL,
广州追光科技有限公司,NULL,其他,NULL,
杭州布道教育科技有限公司,设计经理,其他,服务,
杭州布道教育科技有限公司,首席内容官,其他,服务,
杭州布道教育科技有限公司,总监,其他,服务,
杭州大满冠智能家居科技有限公司,总经理,其他,NULL,
杭州棠联科技有限公司,NULL,由于未提供<|行业|>的具体内容，无法准确判断属于哪个行业，故答案为其他,System.String[],
杭州文宋阁文化有限公司,创始人,其他,NULL,
杭州小黑盒信息技术有限公司,品牌总监,其他,NULL,
杭州壹元文化科技有限公司,董事长,科技,抖音,
杭州银河山田食品科技有限公司,-,其他,NULL,
和也健康科技有限公司,董事长助理,其他,NULL,
哼哈（深圳）展览有限公司,总经理,其他,活动策划、展会策划行业,
湖北新零兽智能科技有限公司,产品经理,其他,NULL,
黄静芳,商务策略总监,其他,NULL,
黄荣星,总经理,其他,NULL,
江苏吉家宠物用品有限公司,NULL,由于引用数据中行业字段为NULL，无法判断具体行业，所以答案为其他,NULL,
江西美尔丝瓜络有限公司,人力资源部负责人,消费品,个护家清,
江西美尔丝瓜络有限公司,销售,消费品,个护家清,
江西心隐企业管理咨询有限公司,品牌总监,其他,服务行业,
江西心隐企业管理咨询有限公司,区域经理,其他,服务行业,
薑黃王生機實業股份有限公司,共同創辦人,无法判断，因引用数据中行业字段为NULL。若非要选择，可填其他。 ,NULL,
劲霸男装,NULL,无法根据现有信息判断所属行业，可选择的答案可能为：跨境电商、消费品、餐饮、科技、其他 ，建议补充更多信息。 ,NULL,
科美链电子商务（南京）有限公司,总经理,其他,NULL,
昆明冠生园食品有限公司,股东,由于引用数据中<|行业|>为 NULL，无法判断所属行业，答案为其他,NULL,
兰亭羽觞酒业,NULL,其他,NULL,
鲤鱼资本,合伙人,其他,NULL,
领潮户外,运营负责人,其他,NULL,
路捷鲲驰,产品总监,其他,NULL,
妈咪呀（上海）食品科技有限公司,负责人,其他,NULL,
麦考林电子商务（上海）有限公司,NULL,其他,NULL,
麦考林电子商务（上海）有限公司,总经理,其他,NULL,
摩登满天星（北京）网络服务有限公司,营销与运营副总裁,其他,NULL,
莫敏,总经理,其他,NULL,
南京图益创意科技有限公司,私域运营,消费品,益智玩具,
启晟（天津）宠物医院管理有限公司,NULL,其他,NULL,
青岛伊可普电器有限公司,副总,跨境电商,跨境电商,
轻松简单科技（深圳）有限公司,CPO,消费品,服装,
山西袋鼠先生商贸有限公司,NULL,"由于引用数据中行业字段为 NULL，无法判断所属行业，按照任务要求需在给定选项中选择，最合适的为其他。
其他",NULL,
上海安敏诺生物科技有限公司,产品经理,其他,NULL,
上海到位营销,CEO,其他,NULL,
上海德晖景和投资管理有限公司,联合创始人,由于<|行业|>数据为 NULL，无法判断，输出为其他,NULL,
上海花小点电子商务有限公司,CEO,其他,NULL,
上海桔子摄影有限公司,创始人,其他,摄影,
上海桔子摄影有限公司,营销总监,其他,摄影,
上海卡乐优儿童用品有限公司,销售总监,消费品,零售,
上海空空无言文化传播有限公司,品牌发展负责人,科技,高新科技,
上海秘友餐饮管理有限公司,董事长,其他,NULL,
上海上室网络科技有限公司,CEO,消费品,消费品,
上海神恋投资管理中心（有限合伙）,CEO,其他,基金投资,
上海谭浩餐饮管理有限公司,品牌负责人,餐饮,餐饮,
上海喜敖马恩科技有限公司,事业部CEO,其他,NULL,
上海绪启开物餐饮管理有限公司,营运副总,餐饮,餐饮,
上海英伦宝贝儿童用品有限公司,副总经理,其他,NULL,
上海渊学通教育科技有限公司,副总裁,其他,NULL,
上海张啦啦餐饮管理有限公司,CEO,其他,NULL,
上海智美颜和医疗美容门诊部有限公司,NULL,其他,NULL,
深圳八零赞电子商务有限公司,内容,跨境电商,电子商务,
深圳街电科技有限公司,COO,其他,NULL,
深圳酷骑童趣科技有限公司,电商运营,其他,NULL,
深圳酷骑童趣科技有限公司,媒介主管,其他,NULL,
深圳市百纳数码科技有限公司,创始人,跨境电商,跨境电商,
深圳市成塔服饰有限公司,NULL,其他,NULL,
深圳市歌瑞创新信息技术有限公司,产品经理,跨境电商,跨境电商,
深圳市九号线电子商务有限公司,创始人,跨境电商,电商,
深圳市乐加怡商贸有限公司,运营经理,消费品,零售,
深圳市迈宁创新科技有限公司,运营,跨境电商,跨境电商,
深圳市新昱佑科技有限公司,渠道经理,其他,NULL,
深圳市鑫尼达科技有限公司,副总,跨境电商,跨境电商,
深圳雅博创新有限公司,设计经理,其他,NULL,
四川阿遇餐饮管理有限公司,营销总监,餐饮,餐饮,
苏州大禹数字文化科技集团有限公司,NULL,由于输入中行业信息为NULL，无法判断所属行业，故答案为其他。,NULL,
苏州大禹数字文化科技集团有限公司,运营总监,其他,NULL,
苏州赫拉网络科技有限公司,经理,其他,NULL,
苏州麦康企业管理服务有限公司,市场运营,其他,医疗服务,
苏州麦康企业管理服务有限公司,市场运营,科技,医疗服务/信息化,
遂宁市燕雪容贸易有限公司,总经理,其他,NULL,
台州温岭市牛叔火锅店," 品牌经理",餐饮,餐饮,
碳阻迹（北京）科技有限公司,创始人&CEO,其他,NULL,
蛙来哒（广东）咨询管理有限公司,培训副经理,餐饮,餐饮行业,
未来穿戴健康科技股份有限公司,市场营销经理,其他,NULL,
武汉润禾生物医药有限公司,董事长,其他,医疗,
西安兰湘子餐饮管理有限公司,区域督导,其他,NULL,
相笙（上海）品牌管理有限公司,创始人,其他,NULL,
湘阴县佰嘉丽景酒店管理有限公司,店总,餐饮,餐饮,
心赢销服装（武汉）有限公司,直营华中总经理,其他,NULL,
扬州华彩光电有限公司,NULL,其他,制造业,
原始黄金（广东）乳业科技有限公司,总经理,其他,NULL,
浙江海明实业有限公司,创始人,消费品,服装、农场,
郑州宇纤动量品牌管理有限公司,产品经理,其他,NULL,
中山提舍电子商务有限公司,GTM,跨境电商,跨境电商,
重庆青尔科技有限公司,COO,跨境电商,跨境电商,
重庆新唯易电子科技有限公司,分公司经理,其他,NULL,
重庆新唯易电子科技有限公司,公司经理,其他,NULL,
万肃（上海）服饰有限公司,品牌企划,其他,NULL,
王静,NULL,其他,NULL,
维沃通讯有限公司,口碑管理部,其他,NULL,
未来穿戴健康科技股份有限公司,,其他,NULL,
未来穿戴健康科技股份有限公司,财务副总监,其他,NULL,
无锡红果贸易有限公司,NULL,消费品,服饰服装,
西安兰湘子餐饮管理有公司,外卖总监,餐饮,餐饮,
喜百年装饰,企划,其他,NULL,
厦门巢儿尚制电子商务有限公司,售后小组长,消费品,母婴,
永康市海蝶商贸有限责任公司,护卫神主管,消费品,国内电商,
原牛道,NULL,其他,NULL,
缘助力中医疗愈平台,创始人,其他,NULL,
浙江知外电子商务有限公司,运营总监,消费品,电器,
浙江知外电子商务有限公司,运营总监,跨境电商,电子商务,
郑州宇纤动量品牌管理有限公司,供应链副总,其他,NULL,
知識衛星（塞特知識股份有限公司）,COO,其他,NULL,
中山提舍电子商务有限公司,NULL,跨境电商,跨境电商,
重庆新唯易电子科技有限公司,产品经理,其他,NULL,
壮大运互联网科技（上海）有限公司,商务,其他,NULL,
追光科技,NULL,其他,NULL,
深圳市歌瑞创新信息技术有限公司,品牌设计经理,跨境电商,跨境电商,
深圳市极优网络科技有限公司,运营经理,跨境电商,跨境电商,
深圳市简皆科技有限公司,NULL,由于引用数据中<|行业|>为NULL，无法判断属于哪个行业，所以答案为其他,NULL,
深圳市开度科技有限公司,运营,跨境电商,跨境电商,
深圳市蓝鲸科技新媒体有限公司,总经理,科技,数字化教育，人力资源，供应链，电商，新媒体,
深圳市榴光溢彩文化传播有限公司,创始人,其他,NULL,
深圳市路特创新科技有限公司,市场营销总监,消费品,电商 母婴,
深圳市迈宁创新科技有限公司,营销部主管,跨境电商,跨境电商,
深圳市庆沣科技有限公司,联合创始人,由于提供的<|行业|>数据为 NULL，无法判断所属行业，因此答案为其他,NULL,
深圳市沃博尔科技有限公司,运营总监,跨境电商,电子商务,
深圳市西啡科技有限公司,经理,其他,NULL,
深圳市翔飞扬科技有限公司,人力总监,其他,NULL,
深圳市鑫尼达科技有限公司,NULL,跨境电商,跨境电商,
深圳市卓牛科技有限公司,总经理,科技,电子产品,
深圳盈富斯科技有限公司,ceo,跨境电商,跨境电商,
深圳远虑科技有限公司,品牌设计主管,跨境电商,2C跨境/音频,
深圳智爱科技有限公司,总经理,其他,NULL,
深圳卓健门诊部,职能负责人,其他,NULL,
嵊州市金帝智能厨电有限公司,总经理,其他,NULL,
四川省旅游学校,教师,其他,大旅游业,
苏州大禹数字文化科技集团有限公司,内容策划,其他,NULL,
苏州觅帛贸易有限公司,总经理,"由于提供的行业信息为 NULL，无法判断所属行业，因此选择“其他”。
其他",NULL,
台州温岭市牛叔火锅店,创始人,餐饮,餐饮,
天沐芳华,老板,其他,NULL,
图拉斯科技,主管,其他,NULL,
武汉单色中街舞蹈健身服务有限公司,教研部长,由于<|行业|>为NULL，无法做出有效判断，故填其他。,NULL,
西安府院門餐饮集团,营运总监,其他,NULL,
西安望悦高餐饮管理有限公司,经理,其他,NULL,
厦门巢儿尚制电子商务有限公司,客户体验专员,跨境电商,电商,
厦门巢儿尚制电子商务有限公司,客户运营,消费品,母婴,
厦门燕之屋燕窝产业股份有限公司,副总监,其他,NULL,
洋红科技,创始人,其他,NULL,
远古雨林（海南）科技有限公司,副总经理,其他,NULL,
郑州酒特卖酒业有限公司,NULL,其他,NULL,
郑州瑞信企业管理咨询有限公司,总经理,其他,NULL,
中山提舍电子商务有限公司,亚马逊门店运营经理,跨境电商,跨境电商,
重庆青尔科技有限公司,NULL,跨境电商,跨境电商,
重庆新思维教育科技有限责任公司,NULL,其他,教育,
重庆新思维教育科技有限责任公司,校长,其他,教育,
珠海市快蜂科技有限公司,ceo,消费品,航模,
上海耶里夏丽餐饮管理有限公司,总经理,餐饮,餐饮,
上海一卷厕纸科技发展有限公司,商务总监,其他,NULL,
上海怡科经贸有限公司,CEO,跨境电商,跨境电商,
上海猪嗲嗲餐饮管理有限公司,NULL,其他,NULL,
上海猪嗲嗲餐饮管理有限公司,产品经理,其他,NULL,
上海猪嗲嗲餐饮管理有限公司,营运总经理,其他,NULL,
深圳聚众云工程科技有限公司,董事长,由于提供的行业信息为 NULL，无法明确其所属行业，所以答案为其他,NULL,
深圳酷骑童趣科技有限公司,运营,其他,NULL,
深圳市布宜诺实业有限公司,市场策划负责人,其他,NULL,
深圳市豆柴宠物用品有限公司,总经理,其他,产销一体,
深圳市福田区芊美香蜜美容院,创始人,其他,NULL,
深圳市甘棠明善企业管理集团有限公司,营运副总监,科技,软件与信息服务,
深圳市甘棠明善企业管理集团有限公司,运营总监,科技,软件与信息服务,
深圳市蓝禾技术有限公司,产品经理,其他,其他,
深圳市路特创新科技有限公司,产品总监,消费品,电商 母婴,
深圳市迈斯维科技有限公司,运营,跨境电商,跨境电商,
深圳市神浮贸易有限公司,副总经理,其他,NULL,
深圳市禧乐居置业有限公司,营销总监,其他,NULL,
深圳市新昱佑科技有限公司,产品负责人,其他,NULL,
深圳市有玺医疗科技有限公司,副总经理,其他,医疗服务,
深圳市原牛道品牌管理有限公司,CEO,餐饮,餐饮企业,
深圳市源兴发科技有限公司,下岗,跨境电商,电商,
苏州大禹数字文化科技集团有限公司,品牌设计,其他,NULL,
苏州麦康企业管理服务有限公司,股东,科技,医疗服务/信息化,
台州莹行服饰有限公司,NULL,其他,国内电商,
台州莹行服饰有限公司,CEO,其他,国内电商,
无锡红果贸易有限公司,CEO助理,消费品,服饰服装,
武汉市致尚江浔餐饮管理有限公司,联合创始人,其他,服务,
西安就这样餐饮管理有限公司,NULL,餐饮,餐饮,
西安兰湘子餐饮管理有限公司,城市总监,其他,NULL,
西安兰湘子餐饮管理有限公司,创始人,其他,NULL,
西安兰湘子餐饮管理有限公司,培训总监,其他,NULL,
香港生涯規劃協會,主席,其他,NULL,
湘阴县佰嘉丽景酒店管理有限公司,NULL,餐饮,餐饮,
浙江海明实业有限公司,CEO,消费品,服装、农场,
中恩国际,总监,其他,NULL,
重庆啄木鸟网络科技有限公司,品牌部负责人,其他,NULL,
卓越商业管理有限公司,,其他,NULL,
上海悉布美名匠餐饮有限公司,营运经理,其他,服务行业,
上海喜敖马恩科技有限公司,品牌总监,由于给定的行业数据为 NULL，无法判断其所属行业，因此答案为其他。,NULL,
上海相宜本草化妆品股份有限公司,NULL,消费品,快消品,
上海影居文化传媒有限公司,主管,其他,NULL,
上海宇易生物科技有限公司,ceo,其他,NULL,
上海欲眠家居科技有限公司,NULL,由于<|行业|>的值为NULL，无法判断属于哪个给定行业，所以答案为其他,NULL,
上海远铸智能技术有限公司,市场,其他,NULL,
上海真观品牌管理有限公司,NULL,其他,NULL,
上海猪嗲嗲餐饮管理有限公司,业务部经理,其他,NULL,
深圳八零赞电子商务有限公司,合伙人,跨境电商,电子商务,
深圳大耳牛科技有限公司,CEO,其他,NULL,
深圳酷骑童趣科技有限公司,直播运营主管,其他,NULL,
深圳里子科技贸易有限公司,CEO,消费品,新零售,
深圳摩王餐饮有限公司,NULL,其他,NULL,
深圳市成塔服饰有限公司,CEO,其他,NULL,
深圳市大头人实业有限公司,副总经理,跨境电商,电子商务,
深圳市甘棠明善企业管理集团有限公司,市场总监,餐饮,餐饮,
深圳市颉沃创新科技有限公司,主理人,跨境电商,跨境电商,
深圳市颉沃创新科技有限公司,主理人,消费品,香水,
深圳市开度科技有限公司,品牌营销,跨境电商,跨境电商,
深圳市开度科技有限公司,设计,跨境电商,跨境电商,
深圳市开度科技有限公司,运营经理,跨境电商,跨境电商,
深圳市乐加怡商贸有限公司,NULL,消费品,零售,
深圳市领灿科技有限公司,总经理,"由于引用数据中<|行业|>为NULL，无法判断属于哪个行业，故填充为其他。
其他",NULL,
深圳市路特创新科技有限公司,用品产品总监,消费品,电商 母婴,
深圳市迈宁创新科技有限公司,Amazon运营,跨境电商,跨境电商,
深圳市鹏骞贸易有限公司,创始人,其他,NULL,
深圳市韶音科技有限公司,经理,跨境电商,跨境电商,
深圳市天一泓科技有限公司,CEO,消费品,3C,
深圳市沃博尔科技有限公司,运营总监,跨境电商,电商行业,
深圳市鑫尼达科技有限公司," ",跨境电商,跨境电商,
深圳市正永行科技实业有限公司,CEO,消费品,新零售,
深圳先洋创新科技有限公司,总经理,跨境电商,跨境电商,
四川阿遇餐饮管理有限公司,NULL,餐饮,餐饮,
苏州麦康企业管理服务有限公司,股东,其他,服务行业,
苏州秘馐餐饮管理有限公司,NULL,餐饮,餐饮,
无锡英臻科技股份有限公司,NULL,其他,NULL,
武汉振佳长裕商贸有限公司,NULL,其他,NULL,
武汉致尚江浔餐饮管理有限公司,门店管理部负责人,其他,NULL,
西安就这样餐饮管理有限公司,营销总监,餐饮,餐饮,
西安兰湘子餐饮管理有限公司,城市合伙人,其他,NULL,
西安因美文化创意有限公司,创始人,其他,摄影/文化艺术,
优尼贝特教育科技公司,NULL,其他,NULL,
招商澎湃基金,投资总监,其他,金融,
浙江和兆服饰有限公司,高管,消费品,服饰服装,
中恩国际,副总,其他,NULL,
珠海纯真香薰美容服务有限公司,总裁,其他,NULL,
卓越商业管理有限公司,总经理,其他,NULL,
上海猪嗲嗲餐饮管理有限公司,城市经理,由于提供的<|行业|>信息为 NULL，无法判断所属行业，答案为其他,NULL,
上海自也网络科技有限公司,CEO,科技,软件与信息服务,
尚标知识产权集团有限公司,董事长,科技,知识产权,
绍兴柯桥宽云纺织有限公司,经理,跨境电商,跨境电商,
深圳爱玉珠宝有限公司,经理,消费品,珠宝批发零售,
深圳百果园实业（集团）股份有限公司,NULL,消费品,连锁门店,
深圳京正康源商贸有限公司,总经理,消费品,新零售,
深圳晶泰科技有限公司,品牌与企业文化负责人,其他,NULL,
深圳酷骑童趣科技有限公司,NULL,其他,NULL,
深圳酷骑童趣科技有限公司,电商总监,其他,NULL,
深圳酷骑童趣科技有限公司,私域运营经理,其他,NULL,
深圳奶糖派服饰有限公司,培训经理,其他,NULL,
深圳市布宜诺实业有限公司,CEO,其他,NULL,
深圳市布宜诺实业有限公司,市场策划,其他,NULL,
深圳市方子文化传播有限公司,总经理,其他,NULL,
深圳市甘棠明善企业管理集团有限公司,市场总监,科技,软件与信息服务,
深圳市归藏咨询有限公司,CEO,其他,NULL,
深圳市简皆科技有限公司,运营主管,其他,NULL,
深圳市开度科技有限公司,工业设计师,跨境电商,跨境电商,
深圳市蓝禾技术有限公司,产品经理,跨境电商,跨境电商,
深圳市乐加怡商贸有限公司,总经理,消费品,零售,
深圳市路特创新科技有限公司,运营经理,消费品,电商 母婴,
深圳市迈宁创新科技有限公司,Amazon运营组长,跨境电商,跨境电商,
深圳市迈宁创新科技有限公司,总经理,跨境电商,跨境电商,
深圳市鹏骞贸易有限公司,NULL,其他,NULL,
深圳市斯特莱科技有限公司,行政总监,其他,NULL,
深圳市新昱佑科技有限公司,视觉设计师,其他,NULL,
深圳市有玺医疗科技有限公司,NULL,其他,医疗服务,
深圳太阳升贸易有限公司,NULL,其他,NULL,
深圳侠时代餐饮管理咨询有限公司,NULL,其他,NULL,
盛世恒美（深圳）文化传播有限公司,创始人,其他,NULL,
四川阿遇餐饮管理有限公司,总经理,餐饮,餐饮,
松生万物（北京）生物科技有限公司,CEO,其他,NULL,
苏州麦康企业管理服务有限公司,股东,其他,医疗服务,
速塑,NULL,无法判断，因引用数据中<|行业|>为NULL，请补充有效行业信息。 ,NULL,
童画森林国际教育科技（北京）有限公司,产品经理,其他,NULL,
蛙来哒（广东）咨询管理有限公司,NULL,餐饮,餐饮行业,
蛙来哒（广东）咨询管理有限公司,产品管部负责人,餐饮,餐饮行业,
温州市美伊芙亚进出口有限公司,CEO,其他,NULL,
无,无,其他,NULL,
武汉品位盛世网络科技有限公司,创始人CEO,其他,NULL,
武汉致尚江浔餐饮管理有限公司,CEO,其他,NULL,
西安就这样餐饮管理有限公司,人事,餐饮,餐饮,
西安兰湘子餐饮管理有限公司,大区运营,其他,NULL,
西安兰湘子餐饮管理有限公司,运营区总,其他,NULL,
西海岸餐饮管理有限公司,NULL,餐饮,餐饮,
厦门山国饮艺茶业有限公司,NULL,其他,制造业,
永康市海蝶商贸有限责任公司,总经理,消费品,国内电商,
浙江驿淘科技产业服务有限公司,CEO,其他,产业地产,
浙江知外电子商务有限公司,NULL,消费品,电器,
郑州宇纤动量品牌管理有限公司,NULL,其他,NULL,
重庆辣爆传媒有限公司,抖音运营经理,其他,NULL,
重庆麻爪爪餐饮管理有限公司,品牌营销负责人,消费品,卤味,
重庆新思维教育科技有限责任公司,区域校长,其他,教育,
重庆新唯易电子科技有限公司,NULL,其他,NULL,
重庆新唯易电子科技有限公司,零售经理,其他,NULL,
重庆新唯易电子科技有限公司,综合管理部,其他,NULL,
重庆啄木鸟网络科技有限公司,NULL,其他,NULL,
卓越商业管理有限公司,NULL,其他,NULL,
深圳市甘棠明善企业管理集团有限公司,NULL,餐饮,餐饮,
深圳市甘棠明善企业管理集团有限公司,营运副总监,餐饮,餐饮,
深圳市颉沃创新科技有限公司,主理人,消费品,设计制造销售,
深圳市开度科技有限公司,区域拓展主管,跨境电商,跨境电商,
深圳市领灿科技有限公司,副总/创始人团队,由于引用数据中<|行业|>为 NULL，无法判断属于哪个行业，因此填写其他。,NULL,
深圳市迈宁创新科技有限公司,NULL,跨境电商,跨境电商,
深圳市迈宁创新科技有限公司,产品经理,跨境电商,跨境电商,
深圳市迈宁创新科技有限公司,设计,跨境电商,跨境电商,
深圳市欧普罗科技有限公司,CEO,跨境电商,跨境电商,
深圳市趣推科技有限公司,私教业务品牌总监,其他,NULL,
深圳市新昱佑科技有限公司,NULL,其他,NULL,
深圳市一弘科技有限公司,运营经理,跨境电商,跨境电商,
深圳市有玺医疗科技有限公司,CEO,其他,医疗服务,
深圳市中羽贸易有限公司,CEO,由于<|行业|>为NULL，无法判断属于跨境电商、消费品、餐饮、科技中的哪一个，所以答案为其他。,NULL,
深圳太阳升贸易有限公司,副经理,其他,NULL,
深圳太阳升贸易有限公司,经理,其他,NULL,
深圳西啡科技有限公司,NULL,其他,NULL,
深圳侠时代餐饮管理咨询有限公司," ",其他,NULL,
深圳盈富斯科技有限公司,NULL,跨境电商,跨境电商,
时光记,创始人,其他,服务业,
水中天,NULL,其他,NULL,
四川蜀安特培安全技术有限公司,创始人,其他,NULL,
松生万物（北京）生物科技有限公司,市场运营,由于<|行业|>的值为NULL，无法判断所属行业，答案为其他,NULL,
苏州洛佩兹技术服务有限公司,总经理,跨境电商,跨境电商,
碳阻迹（北京）科技有限公司,NULL,其他,NULL,
万肃（上海）服饰有限公司,NULL,由于引用数据中行业字段为 NULL，无法判断属于哪个行业，故填入：其他,NULL,
未来穿戴健康科技股份有限公司,NULL,其他,NULL,
武汉致尚江浔餐饮管理有限公司,营销部负责人,其他,NULL,
物境建筑设计事务所（北京）有限公司,创始人总建筑师,其他,建筑,
厦门巢儿尚制电子商务有限公司,客户体验专员,消费品,母婴,
厦门巢儿尚制电子商务有限公司,客户运营,"跨境电商（因为“电商”更明确可归为跨境电商这个细分领域，消费品更多侧重于产品属性，餐饮与电商行业性质不同，科技范围更广，“其他”不符合归为更明确类别的原则） 
注：这里答案按细分归属逻辑应为跨境电商，但如果认为“电商”涵盖范围大，答案选“其他”也有一定合理性，可根据具体判断标准和情境确定。若按单选更精准倾向选跨境电商 。

最终明确答案为：跨境电商 ",电商,
厦门巢儿尚制电子商务有限公司,售后小组长,跨境电商,电商,
厦门燕之屋燕窝产业股份有限公司,NULL,其他,NULL,
厦门燕之屋燕窝产业股份有限公司,产品经理,其他,NULL,
湘阴县佰嘉丽景酒店管理有限公司,NULL,其他,服务,
小金金文化营销策划(南京)有限公司,空间设计主管,其他,NULL,
永利昌茶叶有限公司,负责人,其他,NULL,
於野（北京）健康科技有限公司,创始人,消费品,快消零售,
缘助力,管理运营官,由于引用数据中行业为 NULL，无法明确判断，所以答案为其他,NULL,
浙江海明实业有限公司,商品,消费品,服装、农场,
浙江朴西品牌管理有限公司,创始人,消费品,服饰服装,
浙江知外电子商务有限公司,NULL,跨境电商,电子商务,
郑州酒特卖酒业有限公司,总经理,其他,NULL,
郑州瑞信企业管理咨询有限公司,项目经理,其他,NULL,
郑州赛亚健身服务有限公司,总经理,其他,NULL,
中恩国际,总经理,其他,NULL,
重庆辣爆传媒有限公司,部门经理,其他,NULL,
壮大运互联网科技（上海）有限公司,NULL,其他,NULL,
卓越教育,用户推广副总监,其他,教育培训,
,,由于没有提供<|行业|>的具体内容，无法判断所属行业。请补充<|行业|>的相关信息。 ,,
