高维学堂2025年课程表（动态更新）,,,,,,,,,,,
"备注：
①因不可抗力因素，部分课程的开课时间会根据情况调整，调整时间以通知为准
②极少部分课程价格会因成本变化调整，如出现上调情况，班主任会及时告知
③【所有课程都有提供内训、咨询、详询班主任】
④ “学习卡兑换次数” 介绍详见此二维码：",,,,,,,,,,,
分类,商学课/课后辅导/入企服务,老师,老师简介,适学对象,课程价值,上课日期,上课城市,课程学费（人/元）,学习卡兑换次数,,
战略＆业务,"《升级定位与品牌战略》
 
 全套品牌打法，瞄准品类第一","冯卫东、
快刀何","冯卫东 老师
 天图投资创始合伙人
 华章全球大师经典《升级定位》作者
 用真金白银检验和发展定位方法论
 他让定位从“一学就懂、一用就错”变得有章可循可落地。
 代表投资项目：周黑鸭、百果园、小红书、蘑菇街、饭扫光、奈雪、飞贷、三顿半等消费类品牌
 
 快刀何 老师
 升级定位咨询创始合伙人，高维学堂常驻导师
 ５年咨询辅导30+品类第一品牌：科大讯飞智能办公本、八马茶业、DR钻戒、蔬果园洗衣凝珠、兴趣岛兴趣学堂、核桃少儿编程、希望树除醛宝、官栈花胶、鹿客指脉锁、赛波斯地毯、江中药业、好医生药业等","适合企业：
 （1）赛道竞争激烈，需要品牌化，实现竞争破局的；
 （2）进入快速增长通道或开启第二曲线，需要打好品牌战略地基，避免二次返工的；
 （3）投放金额数千万、数亿元的电商品牌，不想纯靠砸钱做流量，想要品牌获客的；
 （4）准备大规模投放电梯广告、户外广告，需要品牌定位校准的；
 
 不适合的企业及人群：
 （1）初次创业，尚处于从0到1的验证阶段的；
 （2）只想抓流量红利、打造网红品牌，赚风口块钱的；
 （3）小富即安，不想做出强大品牌的；
 （4）混圈子，不是真正想要学习的。","1、双师联手：最懂定位的投资人冯卫东老师，联手升级定位实操专家快刀何老师，在《升级定位》精华内容的基础上，增加最新咨询案例及实战方法拆解，从系统方法论到落地打法。
 2、案例教学：每天两轮提问答疑，学员提出真实困惑及卡点，讲师现场解答，一两句话可能远超学费。同学带实体产品到课堂，有机会获得老师的现场点评和指导。
 3、学长支招：本次课程特设品牌之夜活动，邀请最有成果的3-5位学长代表走到讲台，解析品牌的定位要义、实操要害，用最新一线实践启发你破解品牌战略落地难题，解析如何端到端落地拿成果。",3月15-16日,深圳,"￥19,800",2次/人,,"?新课预告：

《做对股权激励》√
《跨境供应链提效降本方案班》√
《创始人的法律必修课》√
《AI时代的企业进化》√
《全域流量布局与经营》
《关键人才争夺战》
《导向经营的绩效体系设计》
《创始人的营销全景课》
《跨境电商DTC经营分析方案班》"
,,,,,,5月24-25日,深圳,,,,
,,,,,,6月28-29日,上海,,,,
,,,,,,9月13-14日,深圳,,,,
,,,,,,12月6-7日,深圳,,,,
战略＆业务,"《战略设计总纲课》NEW
 
 找到战略内核,跟上产业变迁",刘绍荣,"BCG前高级战略顾问及高级合伙人
 资深战略与组织变革专家","创始人、高管团队、业务一号位
 
 建议创始人带团队学习，快速共识和同频","了解7大战略制定误区，从“老板指挥”思维转变为“战略驱动”思维；
 掌握具有前瞻性的战略洞察和解码方法，找准战略支点与突围之路；
 掌握敏捷的战略体系制定方法，化抽象为具象，将不确定转变成确定性；
 通过绘制战略地图，将抽象的战略转化为可执行的量化目标。",1月4-5日,深圳,"￥6,920",1次/人,,
,,,,,,3月15-16日,深圳,,,,
,,,,,,4月12-13日,上海,,,,
,,,,,,5月10-11日,广州,,,,
,,,,,,6月7-8日,上海,,,,
,,,,,,7月19-20日,深圳,,,,
战略＆业务,"《业务领先战略》
  
  找到战略机会点，构建战略控制点",汪瀛,"国内某标杆企业历任战略与市场部总监
 20+年战略与产品管理实战经验
  滴滴、立邦、洽洽等多家企业战略顾问",创始人、CEO、CTO、CFO等一把手和高管（团队共学，认知同频，效果更佳）,"完整讲解标杆企业BLM模型
 模型方法：战略洞察、五看三定、业务设计、战略解码
 工具：波士顿矩阵、安索夫矩阵、SPAN图",3月22-23日,深圳,"￥6,920",1次/人,,
,,,,,,4月26-27日,上海,,,,
,,,,,,5月17-18日,北京,,,,
,,,,,,6月21-22日,深圳,,,,
,,,,,,9月27-28日,上海,,,,
,,,,,,10月25-26日,广州,,,,
战略＆业务,"《AI与用户研究实战》
 
 探寻产品与用户的最佳契合点",科叔,"20+年深耕用户研究/产品创新
  用最有趣的方式传播产品知识
  曾服务vivo、HP等多家世界级企业",,"科学的做好用研，会给企业带来什么价值？
 1、更好的产品设计：了解用户的需求和偏好，设计出更符合用户需求的产品，提高产品的用户体验和满意度。
 2、 提高市场竞争力：了解市场需求和竞争对手的产品特点，制定更有效的市场策略，提高企业的市场竞争力。
 3、降低产品开发成本：了解用户需求和偏好，从而避免不必要的产品开发和改进，降低产品开发成本。
 4、提高用户忠诚度：了解用户需求和偏好，从而提供更符合用户需求的产品和服务，提高用户的满意度和忠诚度。
 5、增加收入和利润：了解用户需求和偏好，从而开发出更受欢迎的产品和服务，增加收入和利润。",3月22-23日,深圳,"￥4,920",1次/人,,
,,,,,,5月10-11日,杭州,,,,
,,,,,,6月7-8日,广州,,,,
,,,,,,8月16-17日,深圳,,,,
,,,,,,9月27-28日,杭州,,,,
,,,,,,11月22-23日,深圳,,,,
,,,,,,12月20-21日,杭州,,,,
战略＆业务,"《产品开发管理IPD》
  
  从客户需求到产品成功",刘红革,"国内某标杆企业原IPD首任项目经理、研发副总裁
  15年标杆企业工作经验
  IPD资深专家","建议参加人员：
 1、创始人/CEO，IPD变革是创始人工程。
 2、研发总经理、负责人、总监
 3、产品经理、项目经理、开发代表、市场负责人、采购负责人。","1、学习标杆企业世界级的研发管理流程（IPD）；
  2、全面理解从市场需求、产品规划到产品研发到生命周期管理的产品管理全过程；
  3、了解如何运作跨部门团队和团队的关键成功要素；
  4、结合企业实际，提出研发流程改进思路和设想，找到研发管理问题的解决方案。",3月15-16日,上海,"￥4,920",1次/人,,
,,,,,,4月12-13日,深圳,,,,
,,,,,,6月21-22日,上海,,,,
,,,,,,8月23-24日,深圳,,,,
,,,,,,10月18-19日,上海,,,,
,,,,,,11月29-30日,深圳,,,,
战略＆业务,"《品牌投放策略》
  
  从1到10的消费品投放策略",陈陶琦,"MGCC众引传播合伙人
  10亿年营业额的营销机构合伙缔造者",消费品牌创始人、合伙人及营销/市场/传播负责人,"1、看清影响全链路的投放产出因素;
 2、理解制定核心增长策略的方法;
 3、获得数字环境下可复制的投放思维;
 4、认识在抖音和小红书打响社交传播的底层逻辑;
 5、掌握营销资源的布局和组合心法",3月29-30日,上海,"￥6,920",1次/人,,
,,,,,,5月10-11日,深圳,,,,
,,,,,,6月14-15日,杭州,,,,
,,,,,,8月23-24日,深圳,,,,
,,,,,,9月20-21日,杭州,,,,
,,,,,,11月22-23日,深圳,,,,
战略＆业务,"《小红书高效种草》
  
 种出品效合一","陈陶琦
 ","Ronnie陈陶琦
  MGCC众引传播合伙人
  众麟资本合伙人","以小红书为核心传播平台和销售的消费品牌，包括的行业有食品饮料、美妆个护、消费3C、母婴健康、家装家居、服饰运动、本地生活等
 
 建议已经入局的学友参加
 适合人员：品牌创始人/主理人，品牌和市场营销团队、社媒投放和内容团队","1、理解小红书平台营销逻辑，找到品类/品牌机会
2、洞察人、货、场，梳理小红书核心内容策略3、筛选合作达人，制定关键测试指标
4、梳理放量手段，实现流量全链路多级放大和后端收割
5、掌握预算分配原则及组织人员配套",2月26日,线上,18000元/企业,3次/企业,,
战略＆业务,"《品牌体验设计》

关键时刻MOT
增量存量，双增长模型",汪志谦,"
两岸殿堂级品牌增长名师
香港大学副教授
畅销书《峰值体验》《峰值体验2》作者

超过二十年之全球企业及B2B、B2C品牌管理经验，以原创「MOTX体验设计商业化方法学」，成功协助「索菲亚整家定制、喜马拉雅app、学而思网校、滴滴代驾、每日黑巧、Ubras、德施曼智能锁、奈尔宝家庭中心、核桃编程、燕之屋」等数百个行业领导品牌，实现品牌成长","CEO、企业创始人
 首席增长官、品牌营销官、品牌战略高管
 营运总监、业务最高主管、体验设计高管
 产品经理，定位产品方向与核心竞争规格的团队
 
 
 注明：应老师要求，定位、品牌、用户体验类咨询/培训同行、广告公司、设计公司 请绕行，谢谢理解。
 
 适用场景：实体门店、网上店铺、各类品牌营销活动增长优化和突破。
 【注：为保证学习效果，更好在企业落地，创始人等一把手需要带头先行参与】",1、这是一门基于品牌定位下沉一层落地实操课；2、融合了五大核心前沿思想学科做理论根基；3、简单、系统、实用、易落地；4、港大商学院、高维学友接近满分推荐,3月8-9日,上海,"￥7,330",1次/人,,
,,,,,,4月12-13日,深圳,,,,
,,,,,,5月17-18日,上海,,,,
,,,,,,6月28-29日,广州,,,,
,,,,,,9月6-7日,上海,,,,
,,,,,,10月25-26日,深圳,,,,
,,,,,,12月13-14日,上海,,,,
战略＆业务,"《卓越经营者》
 
 找准经营发力点，实现破局式增长",祝鹏程,"百亿生意规模操盘手
完整经历过创业企业从0-1、1-100及IPO等不同阶段","已经跨过从0到1（经过市场验证期），正在由1到10的快速发展企业的创始人及高管团队
  行业不限，企业发展阶段，企业发展规模不限","1、从创业者与投资人双重身份，总结创始人10大常见经营陷阱及应对措施，助力企业不同阶段少走弯路。
 2、企业如何找到自身竞争优势？从信息差到逻辑差再到资源差，助力企业有序构建长期的经营壁垒。
 3、企业经营如何聚焦及有序开展？提供1张企业经营过程的地图和1套能丈量的经营系统工具，让企业能有效诊断并做出反应，识别机会点和找到增长控制点，有抓手地量级跨越。
 4、年度目标如何找到关键抓手，有效实现？提供2个六边形诊断，从多个维度思考企业的长板和短板，拆解年度策略，找到关键抓手，保障年度目标有效实现。
 5、企业整个业务系统如何拆指标，跟踪和管理？提供一套高增长的经营体系，帮助企业构建业务系统。",3月1-2日,深圳,"￥6,920",1次/人,,
,,,,,,3月29-30日,厦门,,,,
,,,,,,5月9-10日,北京,,,,
,,,,,,5月24-25日,广州,,,,
,,,,,,6月21-22日,上海,,,,
,,,,,,7月26-27日,深圳,,,,
,,,,,,10月25-26日,上海,,,,
,,,,,,11月15-16日,厦门,,,,
,,,,,,11月29-30日,深圳,,,,
战略＆业务,"《月度经营分析会》
 
 直击问题、找准抓手，集中力量打胜战！",祝鹏程,"百亿生意规模操盘手
完整经历过创业企业从0-1、1-100及IPO等不同阶段",创始人、高管团队（董事长、CEO、CFO、业务单元负责人、战略部门负责人）,"理解经营分析会的定位和作用
 让财务分析导向损益改善，让业务分析导向经营成果，让组织分析导向支撑业务
 学会开高质量的经营分析会议，拿走一整套经营分析会的方法论和工具",2月21日,上海,"￥3,920",0.5次/人,,
,,,,,,2月28日,广州,,,,
,,,,,,3月7日,北京,,,,
,,,,,,3月21日,深圳,,,,
,,,,,,3月28日,厦门,,,,
,,,,,,4月18日,杭州,,,,
,,,,,,5月16日,广州,,,,
,,,,,,5月23日,上海,,,,
,,,,,,6月13日,深圳,,,,
,,,,,,7月18日,上海,,,,
,,,,,,8月22日,深圳,,,,
,,,,,,9月19日,上海,,,,
,,,,,,10月17日,深圳,,,,
,,,,,,11月14日,厦门,,,,
,,,,,,11月21日,深圳,,,,
,,,,,,12月5日,上海,,,,
,,,,,,12月19日,北京,,,,
战略＆业务,"《OGSM业务规划与执行》
  
  一页纸打通战略到个人绩效",袁园,"宝洁、达能前资深销售总监&电商业务创立者
  中国电动牙刷第一品牌usmile原合伙人、销售VP
  20年+销售管理、操盘20亿生意的全渠道经验
 《OGSM让战略极简落地》作者",2C企业一把手、业务部门负责人（运营、销售、客服等）,"1、将战略拆解成业务目标、策略，变成可执行、好落地的生意计划
  2、拉齐水平统一认知，设计激发内驱力绩效，让业务人员指哪打哪
  3、搭建上下对齐、内外兼修的完整业务体系，持续提升销售业绩",1月4-5日,上海,"￥5,330",1次/人,,
,,,,,,2月22-23日,上海,,,,
,,,,,,3月1-2日,厦门,,,,
,,,,,,3月8-9日,深圳,,,,
,,,,,,4月12-13日,杭州,,,,
,,,,,,5月17-18日,广州,,,,
,,,,,,6月14-15日,上海,,,,
,,,,,,7月12-13日,深圳,,,,
,,,,,,8月16-17日,北京,,,,
,,,,,,9月13-14日,广州,,,,
,,,,,,2025年10月18-19日,上海,,,,
,,,,,,9月27-28日,郑州,,,,
,,,,,,11月22-23日,深圳,,,,
,,,,,,12月13-14日,杭州,,,,
战略＆业务,"《OGSM战略拆解》
 
 将战略翻译为具体可操作的计划",袁园,"《OGSM让战略极简落地》作者
 OGSM战略落地体系创立者
 宝洁中国首位原多渠道销售总监，任职宝洁14年
 创建宝洁、达能电商业务体系
 作为合伙人、销售VP，助力usmile成为中国电动牙刷第一品牌",部门负责人、高管团队、创始人,为您和团队提供专业的指导和实战演练，将战略翻译为具体可操作的计划，帮助您的团队克服战略落地的各种挑战。,3月19-20日,长沙,"36000元/企业（6人）
 
 个人/增员6920元/人",6次/企业,,
战略＆业务,"《供应链管理》
  
  从单点改善走向系统优化",高上,"西门子原供应链高管
  近20年跨国企业供应链管理实操经验",创始人、供应链、销售、运营、财务管理人员,"1、建立一套标准体系 (供应链战略规划-高效运作-人才匹配)
 2、输出两套计划 (供应链体系重构行动计划&供应链人才发展计划)
 3、构筑供应链三道防线：计划-库存-执行",3月1-2日,杭州,"￥4,920",1次/人,,
,,,,,,3月8-9月,深圳,,,,
,,,,,,4月12-13日,上海,,,,
,,,,,,5月10-11日,深圳,,,,
,,,,,,6月7-8日,上海,,,,
,,,,,,6月14-15日,广州,,,,
,,,,,,7月26-27日,杭州,,,,
,,,,,,9月6-7日,深圳,,,,
,,,,,,10月18-19日,深圳,,,,
,,,,,,11月22-23日,上海,,,,
,,,,,,12月13-14日,广州,,,,
战略＆业务,"《跨境电商供应链提效降本方案班》NEW

“采购-物流-平台退货” 全链路成本管控制",高上,"西门子原供应链高管
近20年跨国企业供应链管理实操经验","企业主体为跨境电商卖家（平台型/独立站/DTC品牌均可）
所处发展阶段：（以下均可）
从铺货转向精品模式，需重构供应链成本结构
计划开拓新市场，但担忧成本失控
营收超3000万，但利润被供应链成本吞噬

企业学习要求
团队完整性：参训学员须涵盖企业CEO(现场决策拍板）以及全链路降本责任部门（运营、产品开发、采购、仓储物流、财务等），人数在 6-12 人
数据准备度：能提供基础供应链数据（物流账单、库存报表、采购清单）
已完成高上老师《供应链管理》课程学习，对供应链战略规划和运作体系有基础了解","现场辅导共识，带走企业专属《供应链降本作战计划》
1.一企一策，靶向解决
2.一把手带队，责任部门共学，集体定策略
3. 实战导师引领，工具资源赋能
导师现场入组辅导，手把手带每个企业完成方案
即插即用工具包",可预约,深圳,待定,待定,,
战略＆业务,"《需求预测管理&库存管控》
 
 输出一套标准、两套计划、三步打造供应链防线",高上,"高维学堂常驻导师
 西门子原供应链高管
 中物联专家成员","供应链相关人员
 研发代表
 营销代表","1、搞定一套标准（公司产品战略梳理→品类规划→备货策略→补货策略→安全库存标准化）
 2、输出两套计划（补货计划&呆滞预防计划）
 3、三步打造电商供应链防线：计划-库存-执行
 4、如何提高数据敏感度，提升分析能力
 5、面对各类大促高峰期，如何应对（事前预防-事中控制-事后救火）",3月29-30日,深圳,"36000元/企业（6人）
 不接收单人报名",6次/企业,,
,,,,,,4月26-27日,杭州,,,,
,,,,,,5月24-25日,厦门,,,,
,,,,,,7月5-6日,深圳,,,,
,,,,,,8月16-17日,杭州,,,,
,,,,,,11月15-16日,深圳,,,,
,,,,,,12月6-7日,上海,,,,
战略＆业务,"《跨境爆品打造》
 
 七步点燃品牌新势能",张雷,"互联网行业资深专家
 跨境行业'联合建模""操盘人
 国家级020赛事营销体系操盘","适合企业：想打造品牌的跨境企业
 适合人员：创始人+产品+运营/销售+品牌营销/市场+设计部门负责人等核心成员
 
 各部门认知拉通，更有助于联合落地","爆品打造的流程：战略-产品-运营-资源高耦合的业务流 
 
 一整套的用研方法及综合分析体系
 
 以“用户需求”作为内核，驱动整合营销体系布局
 通过全维度用研，实现运营级-产品级-产品线级的三级爆品操盘跨越",4月19-20日,深圳,"￥6,920",1人/次,,
,,,,,,5月24-25日,杭州,,,,
,,,,,,6月28-29日,深圳,,,,
,,,,,,9月27-28日,广州,,,,
,,,,,,10月18-19日,杭州,,,,
,,,,,,11月8-9日,深圳,,,,
战略＆业务,"《超级转化率》
 
 转化率=你赚的钱效率！
 ",陈勇,"六要素营销咨询创始人
 中信畅销书《超级转化率》作者","创始人、核心管理层+大市场
 (市场、投放、运营、电商策划、文案、设计等)
 
 提升转化需要核心部门的紧密协同配合，打组合拳","扫描诊断当前流量布局：了解流量-转化的底层逻辑，通过系统方法定位影响转化率的关键卡
 点问题
 找到流量组合最优解：了解各个流量平台特点
 及内容营销方法，找到适合企业当前阶段的流
 量组合打法
 获得提升转化率的系统方法论：掌握让客户下
 单的三步法+转化六要素，有效提升转化率
 把握拆解客户旅程的要点：还原产品/服务从曝光到成交全流程，找到促进成交的关键环节
 提升公司利润
 设计高转化落地页：掌握高转化的效果文案模型+视",1月4-5日,深圳,"36000元/企业（6人）
 
 个人/增员6920元/人",6次/企业,,
,,,,,,3月15-16日,广州,,,,
,,,,,,4月19-20日,上海,,,,
,,,,,,6月28-29日,宁波,,,,
战略＆业务,"《结构性降本增利》NEW
 
用总成本领先构筑经营壁垒",张鹏,近4年深度辅导数十家企业实现结构性降本，提升利润数以亿计，打造6家赛道冠军，帮助多家企业实现总成本领先,"适合企业：面临成本压力,或希望提升盈利能力、实现可持续发展的企业
 
 适合岗位：创始人、财务/人事/供应链/产品/研发/品牌/市场/销售/运营等部门负责人","系统定制降本策略
 站在全局高度理解成本问题本质，将降本和经营相结合，初步制定可执行的降本方案，重塑企业的成本结构。
 
 发现真正的降本机会点
 走出单点、片面降本的误区，通过拆解价值链，找出值得关注的降本机会点。
 
 识别隐性成本
 通过拆解成本结构，识别异常成本和隐性成本，有效减少看不到的、不必要的成本浪费。
 
 沉淀管理资产，建立总成本领先优势
 将降本动作转变为长效管理，形成企业的长期壁垒，实现可持续有质量发展。",2月22-23日,深圳,"￥5,330",1次/人,,
,,,,,,3月15-16日,上海,,,,
,,,,,,4月19-20日,深圳,,,,
,,,,,,5月10-11日,上海,,,,
,,,,,,7月5-6日,杭州,,,,
战略＆业务,"《AI时代的企业进化》NEW

从认知突破到战略部署企业级AI",董俊豪,"AI赋能与应用陪跑专家
一念星球CEO(专注企业AI落地应用)
Meta(原Facebook)高级软件工程师
康奈尔大学计算机硕士(常青藤联盟校)/90后连续创业者某数智化服务龙头企业的 AI应用顾问
累计AI赋能服务130余家企业的实用主义技术派
开展AI相关培训讲座150余场，培训人数50000+","本课程聚焦于创始人与团队一号位，包括但不限于:企业决策层:创始人/CEO、CTO、CIO，负责企业战略规划和数字化转型的决策者。

业务部门负责人(如销售、市场、运营、产品等)

AI项目负责人:负责企业AI技术落地和应用的执行者","构建AI时代的企业生存方法论不是技术概念堆砌，
从认知→战略→业务流程变革→组织进化的实战闭环
交付实实在在的企业AI落地路径
",3月27日,杭州,"￥3,920",0.5次/人,,
,,,,,,4月25日,深圳,,,,
,,,,,,5月8日,上海,,,,
,,,,,,6月20日,广州,,,,
战略＆业务,"《高效客户拜访》
 
 用一半时间，赢两倍订单",崔建中,"“价值型销售”方法论创立者
 15年主导参与1000多个销售项目
 8年训练辅导10万多余名销售管理者",B2B企业需要与客户进行面对面沟通的销售模式。销售总监、销售经理、大客户经理售前技术支持等,"1、学习一套可靠的拜访方法论，用于计划、执行及评估销售人员销售拜访；
 2、把自己的优势变成客户的需求，提升竞争力；
 3、建立结构化的沟通方法，使拜访过程变得可控；
 4、获得客户承诺，大大缩短销售周期；
 5、学习一套共同的销售拜访语言",可预约排期,,"￥4,920",1次/人,,
战略＆业务,"《B2B销售业绩管理》
  
  让关键销售行为对准业绩增长",崔建中,"“价值型销售”方法论创立者
 15年主导参与1000多个销售项目
 8年训练辅导10万多余名销售管理者",SAAS、电信、银行、房地产、广告传媒、物流、TO B 销售领域,"1、结合公司战略，确定业绩指标
  2、结合业绩指标，确定适合公司具体情况的销售业绩增长策略
  3、设计属于自己公司的销售流程，帮助管理者找到影响业绩的销售活动，通过管理这些销售活动，对齐公司战略，保证业绩实现。",4月26-27日,上海,"￥4,920",1次/人,,
,,,,,,5月24-25日,北京,,,,
,,,,,,7月19-20日,北京,,,,
,,,,,,11月8-9日,上海,,,,
,,,,,,12月6-7日,深圳,,,,
战略＆业务,"《B2B策略销售》
  
  科学定策略，大幅提升赢单率",崔建中,"“价值型销售”方法论创立者
 15年主导参与1000多个销售项目
 8年训练辅导10万多余名销售管理者",B2B企业营销副总、销售总监、客户经理、项目经理等相关销售人员,"1、告别关系和经验主义，学会科学分析订单，提高赢单率
 2、准确把握客户的采购反映模式，并据此制定应对方法
 3、学会利用自己的优势，以优制劣，改变订单态势
 4、学会筛选客户，把有限的资源投入到关键客户处",3月22-23日,上海,"￥4,920",1次/人,,
,,,,,,5月17-18日,深圳,,,,
,,,,,,7月12-13日,上海,,,,
,,,,,,9月20-21日,深圳,,,,
组织＆人才,"《组织设计总纲课》
 
 冲锋导向的组织与人才建设",蒋伟良,"蒋伟良博士
  国内某标杆企业原流程与组织变革专家
  最受中小企业欢迎的流程型组织变革顾问
  服务公牛、方太、九牧王、蓝月亮、蔚来汽车等超300家企业成功变革
  代表性实操项目：腾讯、海大、喜之郎、蓝月亮、美联英语等","企业创始人、联合创始人及HR负责人
 每家企业限报3人。","1、以系统视角了解组织能力的要素组合，掌握组织与人才发展的核心逻辑；
 2、掌握组织结构与责权利设计的原则及结构性联系；
 3、打通从人才获取、人才发展到价值创造的全路径闭环，打造人才“倍”出的选育用留体系",3月1-2日,上海,"￥7,330",1次/人,,
,,,,,,3月29-30日,深圳,,,,
,,,,,,6月7-8日,上海,,,,
,,,,,,7月12-13日,深圳,,,,
,,,,,,10月25-26日,上海,,,,
,,,,,,12月27-28日,深圳,,,,
组织＆人才,"《流程型组织》
 
 激活组织，人效翻番",蒋伟良,"蒋伟良博士
  国内某标杆企业原流程与组织变革专家
  最受中小企业欢迎的流程型组织变革顾问
  服务公牛、方太、九牧王、蓝月亮、蔚来汽车等超300家企业成功变革
  代表性实操项目：腾讯、海大、喜之郎、蓝月亮、美联英语等",创始人、CEO、事业部负责人、人力资源团队,"1、 找到驱动业务增长和组织发展的有效抓手，以价值创造的业务流程来驱动企业从无序、无效走向有序、有效；
 2、构建整个企业的业务经营逻辑，理解市场管理，产品研发，销售运营、供应链等重要业务流的逻辑与关系；
 3、最适合中小企业学习和落地的流程再造方法论，瞄准客户来进行业务流程再造，沉淀团队打胜仗的最佳实践路径",2月22-23日,深圳,"￥6,920",1次/人,,
,,,,,,3月22-23日,上海,,,,
,,,,,,4月19-20日,广州,,,,
,,,,,,5月24-25日,上海,,,,
,,,,,,6月14-15日,深圳,,,,
,,,,,,7月19-20日,上海,,,,
,,,,,,9月20-21日,上海,,,,
,,,,,,9月27-28日,深圳,,,,
,,,,,,10月18-19日,深圳,,,,
,,,,,,11月22-23日,上海,,,,
,,,,,,12月13-14日,深圳,,,,
组织＆人才,"《科学分钱》
  
  破解企业激励难题",卞志汉,"曾任国内某标杆企业财经变革（与IBM合作）项目负责人、财经风险管理体系创建人。
  现任众恩咨询创始人，为赢家服饰、名雕装饰、康恩贝药业、卡门服饰、星光股份等30多家公司提供薪酬规划、多元化激励的咨询服务。
  华夏基石管理智库专家，上海财大、中山大学、人民大学等多家商学院客座讲师。","适宜成长期企业的创始人、HR管理者。
  （初创期的，或员工人数10人以下的企业不太适合，请您注意绕行。）","1、不犯“分钱的大错”，掌握正确的分钱原理，绕开10种落后的分钱方法，避免钱越分越少，避免越分越激发不满。
 2、让一号位找到破局的关键点，让团队学会分钱方案的落地思路与具体算法
 3、不同团队背景、不同时期战略目标下，激励手段如何灵活使用",1月4-5日,上海,"￥6,920",1次/人,,
,,,,,,3月6-7日,上海,,,,
,,,,,,3月22-23日,深圳,,,,
,,,,,,4月15-16日,郑州,,,,
,,,,,,6月5-6日,上海,,,,
,,,,,,6月14-15日,深圳,,,,
,,,,,,7月26-27日,上海,,,,
,,,,,,9月6-7日,广州,,,,
,,,,,,9月25-26日,上海,,,,
,,,,,,10月25-26日,深圳,,,,
,,,,,,11月16-17日,郑州,,,,
,,,,,,11月20-21日,上海,,,,
,,,,,,12月6-7日,北京,,,,
,,,,,,12月20-21日,深圳,,,,
,,,,,,1月10-11日,上海,,,,
组织＆人才,"《人人都是自己的CEO》
 
 激活团队，成果翻倍",于学航 ,"麻爪爪创始人
将近10年用结果导向型管理思想经营企业
3年实现逆袭增长20倍，全国门店突破550家，行业密度No.1","创始人、主管级以上中高层管理者
 
 特别提醒：
建议带领团队一起学习，让管理团队对管理的认知保持一致。","课程价值：
 成为自己时间的掌控者：掌握有效管理时间的技巧，用宝贵的时间聚焦要事，摆脱“忙而无效”的“救火”状态。
 掌握做对关键决策的秘诀；
 打造以贡献为中心的组织；
 让团队自我驱动，创造卓越绩效。",3月29-30日,深圳,"￥5,330",1次/人,,
,,,,,,4月11-12日,北京,,,,
,,,,,,4月24-25日,上海,,,,
,,,,,,5月17-18日,上海,,,,
,,,,,,6月21-22日,广州,,,,
,,,,,,8月2-3日,上海,,,,
,,,,,,9月20-21日,深圳,,,,
,,,,,,11月15-16日,杭州,,,,
,,,,,,12月6-7日,深圳,,,,
组织＆人才,"《高增长团队打造》
  
 构建“特战小队”，打赢业务攻坚战",汤君健,"10多年高级人才培养经验
 宝洁前全国零售总监、1号店前企业大学1号商学院校长
  为多家上市公司、创业团队提供人才管理咨询服务",高成长企业的创始人、业务负责人、HR负责人组团学习。,"业+才合一，只输出以增长为导向的管理体系建设实践成果
 1、建立增长式的管理思维
 以战略为出发点用工程化的思维定位业务卡点，同时匹配适合的人才策略。 始于用户业务增长，终于团队组织成长。
 2、学会如何抓人效，以用户为中心反推进行组织设计
 3、掌握识人模型，打通流程落地
 4、提升业务高手到管理人才转身的存活率",3月6-7日,上海,"￥4,920",1次/人,,
,,,,,,3月22-23日,广州,,,,
,,,,,,5月10-11日,深圳,,,,
,,,,,,6月19-20日,上海,,,,
,,,,,,6月23-24日,郑州,,,,
,,,,,,8月2-3日,深圳,,,,
,,,,,,9月11-12日,杭州,,,,
,,,,,,10月18-19日,深圳,,,,
,,,,,,11月27-28日,上海,,,,
组织＆人才,"《1号找人官》NEW
 
 创始人的战略性人才聘用课",刘玖锋,"1号找人官机构创始人，高管聘用专家
 担任多家公司董事和上市公司长期顾问
 帮助1000+家企业实现将帅辈出，为超过30家上市公司提供过人才咨询，总结出破解企业找人之谜的4D模型",处于成长期、快速发展期的企业创始人、CEO,"提升人才洞察力
 构建系统性人才观，培养关于人才选聘的正确认知，学习如何识别和培养战略性人才
 
 拓宽人才获取渠道，打造人才磁场
 告别“大海捞针”式的传统找人模式，通过构建多元的人才获取渠道，提升企业的人才吸引力，让人才找得到、进得来、留得住
 
 掌握高效的人才选聘方法论
 掌握以“4D找人模型”为核心的人才选聘方法论，全面提升人才选聘的效率和精准度
 
 提升科学决策能力，降低招聘风险
 掌握科学的人才评估方法，运用多维度评估工具，提升人才决策的准确性和有效性",2月27日,杭州,"￥3,920",0.5次/人,,
,,,,,,2月28日,深圳,,,,
,,,,,,3月22日,上海,,,,
,,,,,,4月12日,广州,,,,
,,,,,,5月18日,杭州,,,,
,,,,,,6月21日,深圳,,,,
组织＆人才,"《超级面试官 》
 
 创始人高管的面试课",川老师,"人才测评资深顾问
 17年+人力资源相关项目经验
 曾主导众多快成长企业人才测评、盘点、招选等项目",企业创始团队+核心管理层，核心团队参与3-5人,核心团队当场共同梳理人才画像，达成共识，提升组织内的人才甄选效率,2月28日,杭州,2920元/人,0.5次/人,,
,,,,,,3月7日,广州,,,,
,,,,,,3月15日,北京,,,,
,,,,,,3月28日,上海,,,,
,,,,,,4月11日,深圳,,,,
,,,,,,5月17日,杭州,,,,
,,,,,,6月20日,深圳,,,,
,,,,,,7月4日,上海,,,,
,,,,,,9月5日,上海,,,,
,,,,,,9月19日,深圳,,,,
,,,,,,10月24日,广州,,,,
组织＆人才,"《做实企业文化》
  
  内化于心，外显于行",欧德张,"文武双全的阿里大政委，既能统一团队思想，又能带队伍打胜战。
  实战经历：
  2006年加入阿里巴巴，曾任阿里巴巴B2B广东大区副总经理和大政委。
  阿里巴巴“启程学院”培训项目创始人，缔造、实施、落地了阿里巴巴铁军文化，打造了一只迄今为止都值得骄傲的阿里铁军队伍。",创始人、CEO、事业部负责人、人力资源团队,"1、重体系：真正打通企业文化的三个层次（信念层、制度层、行为层），帮助学员快速构建内有灵魂，外有制度的企业文化整体框架。
 
 2、可落地：拆解企业文化打造的关键步骤和有效工具，并在课后为学友提供企业文化操作手册和行动计划表，快速降低企业文化的落地难度。
 
 3、强背书：由具备阿里铁军文化落地实施经验的欧德张老师授课，深度剖析阿里成功背后的奥秘，并结合多年的商业咨询实战经验，提炼具备普世性的企业文化打造内功心法，保证“源于阿里，高于阿里”。",4月19-20日,上海,"￥4,920",1次/人,,
,,,,,,6月7-8日,深圳,,,,
,,,,,,8月3-4日,郑州,,,,
,,,,,,9月6-7日,杭州,,,,
,,,,,,11月15-16日,深圳,,,,
组织＆人才,"《教练式领导力》
  
  把每位员工带成干将",季益祥,"行动教练创始人
  17年管理培训经验 9年教练经验",创始人、CEO、高管、HR或培训负责人,"1、有效提升管理者的领导力和影响力；
  2、有效激发下属的潜能和行动的能力；
  3、建立结果导向的教练文化，使管理效能最大化并达成绩效目标；
  4、建立亲和式的教练文化，提升员工的敬业度并有效降低离职率。",1月4-5日,深圳,"￥4,920",1次/人,,
,,,,,,3月29-30日,杭州,,,,
,,,,,,4月12-13日,广州,,,,
,,,,,,5月10-11日,上海,,,,
,,,,,,5月17-18日,深圳,,,,
,,,,,,6月21-22日,杭州,,,,
,,,,,,7月12-13日,厦门,,,,
,,,,,,8月2-3日,深圳,,,,
,,,,,,9月20-21日,广州,,,,
,,,,,,10月25-26日,深圳,,,,
,,,,,,11月29-30日,上海,,,,
,,,,,,12月13-14日,深圳,,,,
组织＆人才,"《财务BP能力提升》
 
 业财融合助力盈利管理",徐薇,永辉超市原财务总监、财务变革负责人，一体化报表提出者，20多年财务管理实战，多家上市公司财务顾问。,"财务BP相关人员、财务经理、财务分析人员、业务主管等拥有开放的心态和较好的沟通技能对商业、运营感兴趣，能从全局出发，专业入手,推动业财的协同创新","1.深入理解BP及其在企业中的价值创造路径

2.基于诸多标杆企业案例，学习基于不同业务场景的财务BP的工具和方法

3.了解财务BP组织的建设: 财务BP文化、财务BP流程、财务BP能力建设财务BP旨在为企业内部各业务单元，提供更及时更便捷的专业财务服务，不断提升内部信息传导效率和决策效率。",1月17-18日,深圳,"￥4,920",1次/人,,
,,,,,,4月26-27日,深圳,,,,
,,,,,,5月8-9日,上海,,,,
,,,,,,7月12-13日,深圳,,,,
,,,,,,12月13-14日,上海,,,,
组织＆人才,"《战略级项目管理》

让战略落地，实现收益",郭嘉,20＋年专注中国本土项目管理实践，500＋项目管理、咨询经验，国家重点工程项目管理专家组成员,"1.属于组织战略级项目管理体系建设的实战课程，帮助组织建立完整、高效的战略级项目治理体系。

2.课程对象为组织的创始人、CE0、高级管理人员、PMO经理","1.系统学习战略级项目管理体系的顶层框架与构建方法，改善组织治理、提升组织力。

2.打通从战略规划到项目执行的路径，构建PSC决策、PMO管控、PMT执行的三层治理结构，让组织战略落地、把事办成，并使成功可复制。

3.具备组织战略与战略级项目管理的全局观，建立企业级的项目全景图，实现以客户为导向的端到端项目流程标准化，全面掌握以收益为导向的项目生命周期治理。

4.减少重复错误，建立并逐步完善项目管理专业人才管理机制和项目知识库。",3月29-30日,深圳,"￥6,920",1次/人,,
,,,,,,5月17-18日,上海,,,,
内控赋能,"《极简项目管理》
  
  让战略资源配置最优化",郭嘉,20＋年专注中国本土项目管理实践，500＋项目管理、咨询经验，国家重点工程项目管理专家组成员,企业创始人、CEO、高管、部门及项目负责人，组团学习效果更佳,"1、系统学习项目管理的理念、总体框架和思维方式，改善运营效率。
 2、全面掌握项目管理从启动到收尾全过程的流程、工具与方法、成果。
 3、具备项目管理全局观，加强项目管控意识，提高项目执行力。
 4、理解项目控制的关键点，分享项目管理的诸多经验教训。",3月1-2日,深圳,"￥5,330",1次/人,,
,,,,,,3月15-16日,杭州,,,,
,,,,,,4月19-20日,上海,,,,
,,,,,,5月24-25日,深圳,,,,
,,,,,,6月7-8日,杭州,,,,
,,,,,,6月14-15日,北京,,,,
,,,,,,7月26-27日,上海,,,,
,,,,,,9月6-7日,深圳,,,,
,,,,,,9月27-28日,上海,,,,
,,,,,,11月1-2日,深圳,,,,
,,,,,,12月6-7日,杭州,,,,
,,,,,,12月20-21日,深圳,,,,
内控赋能,"《做对股权激励》NEW

让员工和企业一起拼，一起赢",罗毅,"大成律师事务所 高级合伙人
比例线股权 创始人/CEO
《动态股权》《穿透新三板》《穿透股权》作者
为100多家企业提供股权规划、股权架构、股权激励等咨询服务
为1000多位律师提供《律师如何做股权咨询服务》的培训支持
既是律师、也是创业者，从专业视角发现问题，从创始人视角解决问题","适合企业
正处于快速发展或转型期的企业
希望通过股权真正达到激励员工、推动业务发展的企业
想做股权激励，但缺少正确指导方法的企业

适合角色
想激励高管、骨干员工，探索新规则的企业创始人
愿意长期与企业共发展的核心高管团队","通过“十定自测表”，快速扫描当前股权激励方案存在的问题，避开股权激励常见的“坑”
理解股权激励的10大挑战，一次做对10大关键决策
看到员工及其家庭真实的具体需求，让股权价值与员工利益深度绑定",3月21日,上海,"￥3,920",0.5次/人,,
,,,,,,4月26日,深圳,,,,
内控赋能,"《公司顶层架构与股权规划》NEW
 
以终为始，科学设计股权架构6大关键节点",杨轶,"杨轶 老师
 10年+企业资本战略辅导全程参与、深度陪跑5家公司成功上市","创始人|核心高管团队|财务总监 董秘等
 
 尤其适合
 考虑引进风险投资、上市融资，或以上市作为里程碑的企业，通过树立资本布局全景，学会规避和应对融资上市常见风险，找到适合企业当前状况的最优资本方案，少走弯路","建立资本布局全景图，找到6个关键节点，一次做对，降低资本决策成本。
 
 了解与制定符合公司长远利益的最优资本方案关键事项及时间表。
 
 盘点股权架构，梳理控股问题，找到最优内外部重组方案(包括持股架构重新搭建、引进投资股权激励、上市准备)。
 
 站在企业生命周期全景视角，从IPO倒推三至五年开始，了解如何做好公司业务、财务内部治理的准备以及上市的启动。",可预约排期,上海,"￥6,920",1次/人,,
内控赋能,"《创始人财务进阶》
  
  打造支撑战略、业务的财务能力",徐薇,永辉超市原财务总监、财务变革负责人，一体化报表提出者，20多年财务管理实战，多家上市公司财务顾问。,企业创始人、高管，财务总监、负责人,"1、了解企业经营与财务数据之间的关系；
  2、设计企业的数字仪表盘，让经营活动透明、真实、可视；
  3、从财务报表升为管理报表，优化企业的管理，提高利润增长。",3月22-23日,杭州,"￥5,330",1次/人,,
,,,,,,6月14-15日,上海,,,,
,,,,,,7月12-13日,深圳,,,,
,,,,,,8月23-24日,杭州,,,,
,,,,,,9月1-2日,郑州,,,,
,,,,,,11月15-16日,上海,,,,
,,,,,,12月13-14日,深圳,,,,
内控赋能,"《财税筹划实战》
 
 基于合规与发展的结构性优化",徐薇,永辉超市原财务总监、财务变革负责人，一体化报表提出者，20多年财务管理实战，多家上市公司财务顾问。,创始人/一号位、财务负责人,"1、了解自家企业合规的现状
 2、掌握财税架构顶层设计的思维、方法和工具
 3、解决财税合规的常见困惑
 4、本课程会有大量的互动!
 徐薇老师会和各位学友把财税合规这个企业问题隐晦莫深的“拨云见日，坦诚相待”，咱们现场把问题“裸”开了",可预约排期,,"￥2,920",0.5次/人,,
内控赋能,"《创始人必修的五个反常识法律问题》NEW

一次性识别关键风险，人不出事，财无损失",范否,"海蜂法务、解法科技创始人
超3000家企业的“首席安全官“",企业创始人,"了解当前决策安全水平
通过12道专为创始人定制的决策偏好题，了解当前企业决策过程可能存在的高风险安全漏洞，系统化提升治理能力。

构建穿越周期的安全创业体系
通过安全创业导航图看清企业安全经营全景，通过30+真实案例的分析推演，掌握企业高发风险应对方法。

25个即学即用的避险模块
全面覆盖防范权力、资金、人事、业务这四大核心板块下的法律风险防范策略，包含适用边界、操作流程和关键方法，帮助你管好“权、钱、人、事”

掌握实用的风险防范策略
通过风险矩阵，直观了解哪些风险可接受、可降低、可转移和要规避，有效把控法律风险、预防经济损失、获取增量收益。",5月9日,上海,2920,0.5次/人,,
特训营,"《高绩效的个人生产力》NEW

高维学堂创始人班，周期一次90 天",LMI教练,"LMI在中国率先引入教练式辅导方式。拥有100多位系统培养、严格认证的领导力教练。

高维学堂作为LMI在中国服务创业企业的唯一战略合作伙伴，将匹配有辅导创业企业经验的资深教练。

LMI中国的教练团队是LMI独自培养的一个专业化团队，大部分成员拥有优良的背景和多年本地企业高管任职经验，具备各项教练技能，是每个LMI学员值得信赖的成长伙伴。","适合有以下挑战的领导者
1、需要分清工作的优先顺序，能够抓住重点专注在高回报活动。
2、需要提高目标管理、有效沟通、授权的能力。
3、需要建立一个自主性的团队，能够吸引、 接纳、用好并激励优秀员工。
4、有实际的工作和带团队经验，仍需要培养教练型领导的基本态度、行为规划和习惯。
5、有专业背景，需要成长为以目标和绩效导向的领导者。","1、建立有效沟通，更好地达成共识并取得项目成功。
2、有效地处理干扰，调整优先顺序，专注于高回报活动。
3、更科学地设定目标和规划时间，做好自我管理。
4、转变固有思维模式，以创新思维来抓住机会、突破瓶颈。
5、掌握有效授权方法，激发团队潜能，承担战略要事。",2月26-5月16日,广州,1000元预定金,不参与划卡,,
,,,,,,3月4-5月27日,北京,,,,
,,,,,,4月1-6月24日,深圳,,,,
,,,,,,6月17-9月9日,深圳,,,,
餐饮课,"《超级门店与流程再造》
 
 构建高效流程，助力业绩增长",余章荣,"余章荣
 原德克士大学执行校长、勺子咨询CEO。经历德克士从“创业初期12家门店到3000家门店”的发展，历任德克士大学执行校长、全国运营优化主管、经营战略委员等职务。
 余老师有着20年连锁管理与人才培育实战经验，为近百个企业提供“流程再造，企业大学，经营策略，组织再造”等相关咨询服务。","餐饮企业创始人/CEO、总经理等高管团队
 餐饮总部关键部门负责人:运营负责人、培训/人力负责人、产品负责人、营销负责人等
 区域督导","门店运营流程再造，要实现两大维度的成果：
 1. 让每一家门店都能实现“顾客好体验”,这样复购率才高，门店生意才好；
 2. 让每一家门店都能实现“运营高效率”,采取流程化管理，这样门店利润才稳定，能赚钱!",3月19-20日,广州,"￥4,920",1次/人,,
,,,,,,5月21-22日,广州,,,,
餐饮课,"《科学分钱- 餐饮版》

—把钱分对，激活团队",卞志汉,"科学分钱学科带头人
《科学分钱》作者
华为激励体系创建贡献者
曾任华为财经变革(与IBM合作)项目负责人
曾任华为财经风险管理体系创建人","餐饮企业创始人
人力资源团队
运营核心团队","1、颠覆分钱思维，精准避开分钱的坑，帮你详细拆解餐饮企业8大落后分钱方法问题本质，避免踩坑，少走弯路。

2、优质案例解析，分钱方法拿走即用，深剖各业态分钱痛点和需求，通过案例分析了解优秀企业分钱解决思路。

3、提供符合餐饮经营场景的分钱解决方案，不讲大而全分钱系统，直接从餐饮实际经营场景切入提供解决办法
1)门店端场景:深剖门店5大薪酬激励设计方法，牵引员工成长，留住核心伙伴;
2)总部端场景:分析总部薪酬、奖金设计方法，让各大部门有钱可分，有力同出，共创共享，持续奋斗;
3)合伙制场景:解析单店到多店合伙机制设计，横纵双向突破人才复制卡点，保证多店高效裂变，",4月22-23日,深圳,"￥6,920",1次/人,,
餐饮课,《特许加盟-法律风控课》,张静,"17年特许经营法律服务经验
北京市安博律师事务所  合伙人
著作：《商业特许经营法律适用》、《特许经营法律问题初探》。
2008年至2009年借调中华人民共和国商务部流通业发展司，负责全国的商业特许经营备案审核工作。
为40个行业上千家企业提供过特许经营备案代理、疑难商标代理、驰名商标认定，特许经营法律体系建立、诉讼、仲裁案件代理等法律服务。","餐饮企业创始人/CEO/高管
法务/合规部门负责人
加盟业务/拓展部门负责人","1. 建立全链路风险防火墙
  - 从“总部-特许人-被特许人-加盟店”全链路切入，覆盖合同、模式、政策管理等具体场景的合规风险，并提供合同、纠纷解决指南等实用工具，帮助企业搭建可落地的法律风控体系。

2. 品牌保护与危机应对双保险
  - 结合近20年特许加盟法律经验，总结建立品牌保护体系四环节一机制方法论，并结合真实案例教授如何快速响应侵权行为，降低品牌声誉损失，提升危机公关能力。

3. 动态风险预警与管理升级
  - 基于最新政策趋势，动态分析特许经营中的“人、店、钱”三大风险维度，帮助企业预判潜在问题并提前制定应对策略，实现风险防控的迭代升级。",可预约排期,,2920元,0.5次/人,,
餐饮课,"《餐饮股权动态合伙制》

从单店到多店，股权助裂变",刘振宇,"比例线股权合伙人/CMO
15年律师行业经验
为50+企业提供股权架构:激励融资等解决方案",适合纯直营模式、合伙模式或直营+加盟模式的餐饮企业创始人及其创始团队来听课,"1.案例+底层方法+工具，让你知其然，更知其所以然。
2.以自己企业股权问题做实战演练，现场找到问题给出答案。
3.拆解不同品类的详细案例，从案例中提取成功和失败方法与经验。",4月2-3日,郑州,"￥4,920",1次/人,,
餐饮课,《全员短视频营销》餐饮训练营,袁嘉骏,"Brandx品牌增长实验室创始人
前时尚集团 战略及运营副总裁
前字节跳动 抖音品牌负责人",创始人、核心高管、运营团队、一线员工,"一套新的流量解决方案，通过全员学习短视频制作的基本技能，增加门店线上流量分发的触点，让「传单」更精准的触达潜在人群

一套适配一线员工的简单易行的短视频生产流程，2天的实操训练营，核心在于讲+练，理论与实践结合，2天后员工就能掌握基本的技巧

一套企业内部落地SOP建议，包含各项制度的参考以及工具包、落地表单等，真正帮助企业能执行、能落地、能持续

启动全员营销，让贴近消费者的一线员工也拍短视频，每个员工都成为连接品牌与顾客的桥梁!",5月15日,杭州,"￥4,920",1次/人,,
餐饮课,"《餐饮人IP打造》

解析餐饮IP构建法则，实现品牌价值最大化",柴园,"柴大官人 柴园
中国餐饮短视频头部IP
14年餐饮战略营销经历
5年餐饮IP打造经验
全网220万+餐饮人粉丝 
全网播放量超过10亿
连续两年，登榜中国餐饮
","想要做IP，但是不知道自身是否符合--观望者

想要打造自身IP但是不知道该怎么做--准备实践者

已经尝试打造自身IP，但是长时间没有什么起色--前期","套垂直餐饮行业的P打造全流程
从如何找定位--如何找产品卖点--如何做内容创作--如何变现的整体路径复现，让你知道注意要点，避免踩坑

一套餐饮IP打造的全能手册
课程中不仅教会打造IP的方法，为防止课堂激动，回去一动不动情况，将具体的方法沉淀成手册，拿回去即可使用

现场解答困惑，让问题在课堂中解决
专设1小时答疑环节，一对一现场剖析学友账号难题现场提供解决方案",2月25日,深圳,"￥2,920",0.5人/次,,
,,,,,,5月16日,杭州,,,,
餐饮课,"《高复购产品矩阵与菜单体系》
 
 打造科学菜单，突破盈利卡点",北北,"北北
 羽生餐饮策划 创始人
 北京大学 市场营销学客座讲师
 十余年专注餐饮策划 
 构建餐饮盈利模型系统
 十余年专注餐饮策划，以长效盈利为目标，曾先后为海底捞、十八汆、小龙坎、吉祥馄饨、蚝太郎、谭家菜、蔡澜点心等众多知名企业进行品牌策划和创意设计。",餐饮创始人/CEO、产品/运营/品牌/供应链负责人,"1. 掌握一套打造盈利菜单的科学系统方法论
 2. 教你从企业经营目标落地到菜单盈利目标
 3. 详细剖析品牌案例菜单模型建立过程，让你带得走能落地",1月7-8日,北京,"￥4,920",1次/人,,
,,,,,,3月5-6日,上海,,,,
餐饮课,《餐饮私域会员增长实战课》 NEW,郭春鹏,"餐饮连锁会员运营专家
20年只专注餐饮行业会员领域,研究上千家餐饮企业会员数据
曾任广州食尚国味餐饮管理(集团)
CIO集团信息总监 兼会员运营总监
曾任点评微生活(北京)科技有限公司
首席运营官
曾任北京多来点信息科技技术有限公司(哗啦啦)
餐饮资深运营专家、全国运营中心总经理","1、主要负责会员板块的负责人和相关团队成员
 
 2、在企业中负责会员运营方面的操盘手","1、拆解餐饮行业中多个优秀品牌案例，分析会员运营具体搭建策略
 2、能够根据企业会员情况，运用方法做企业会员运营健康度体检
 3、掌握一套完整的搭建会员运营体系的方法，能够在企业进行落地
 
 课程优势：目前餐饮行业中唯有的能把会员运营体系搭建讲解的能落地，企业拿回去就能用的主题课程",2月19-20日,上海,"￥4,920",1次/人,,
,,,,,,4月16-17日,广州,,,,
,,,,,,6月11-12日,深圳,,,,
餐饮课,《美团点评--阶梯式营销打法》 NEW,殷海龙,,,,6月17日,郑州,"￥2,920",0.5人/次,,
餐饮课,《科学调优单店模型》 NEW,赵建光,,,,6月24日,上海,"￥2,920",0.5人/次,,
餐饮课,"《特许加盟-商业模式课》
",韩雨廷,"30+年全球特许加盟商业模式设计与优化经验
中国特许经营区域二级授权模式领军者",创始人,"有案例：有丰富的实战案例，国内外知名品牌优质案例解析

有方法：提出特许经营增长飞轮、设计特许经营商业模式的五模式九要素方法论

有体系：从企业战略到商业模式，从组织能力到特许体系，建立特许经营生意成功的全景模型

能落地：有小组实战练习，边学边练现场练习设计特许加盟产品",接收预定,,"￥5,920",1次/人,,
餐饮课,《餐饮线上营销与爆品打造》NEW,李宜蓓,"橙蓓咨询创始人；

创业10年+，深耕食品餐饮品牌增长，助力286+客户500+项目落地；

擅长媒介资源整合及投放策略制定，精通各新媒体平台打法，为客户持续创造“能带来销售转化的创意”。","适学人群：老板、品牌营销部、市场部门

适学企业：想要通过线上渠道(主要是小红书，抖音、视频号、大众点评都会涉及一点，但都不多)快速获取新客流的企业。","1.从线上营销的正确目标制定，到目标落地方法拆解。

2.一套线上营销策划的底层逻辑：选人群、选产品、选平台。

3.一套达人投放项目的全案流程：定组合-筛账号-排节奏-做复盘。

4.针对餐饮品牌各阶段全方位拆解，帮你找到最适合的方法。",2月18日,上海,"￥2,920",0.5次/人,,
,,,,,,4月15日,广州,,,,
,,,,,,6月10日,广州,,,,
餐饮课,《外卖盈利模型重塑》-连锁企业,刘 晴,"独创线上运营赢营三增模型，主张流量、收入、口碑三项同增

为破万店面进行增长赋能培训，为多家知名餐饮企业进行运营咨询赋能

运营平台开发出身，设计并参与开发电商平台售卖及投
放产品规则",创始人、运营团队、外卖团队,"有方法：从人、货、场三大维度建立外卖业务全景，进行战略性布局

有体系：独创外卖三增模型，口碑增收入增、流量增，形成外卖流量闭环

能落地：有小组实战练习，边学边练，现场练习设计外卖盈利模型",3月26-27日,上海,"￥4,920",1人/次,,
,,,,,,5月27-28日,深圳,,,,
餐饮课,《打造竞争领先型餐饮供应链》,赵传书,"赵传书
 供应链管理高级咨询师
 淘宝大学唯一指定供应链讲师
 
 - 曾任马士基集团采购亚太地区负责人
 - 曾任麦肯锡咨询公司中国采购中心负责人
 - 现任传为咨询总经理、高梵电商供应链总经理
 
 餐饮行业部分案例：
 Costa咖啡、左庭右院、陈香贵、翠山餐饮、上海博风餐饮、悦达咖世家餐饮、苏小柳、集美渔泰、外婆家、海底捞、周黑鸭、西贝、杏花楼、老盛昌、小南国等。",建议餐饮企业创始人带供应链团队（需包含供应链经理、采购经理）、研发总监、人力资源总监、财务总监,"1、掌握三大供应链模式，巧妙应对需求量不稳定、频繁测试新品等复杂情况
 2、学会针对不同类别的供应商建立不同关系，形成供应商合作图
 3、打造研发、门店销售、采购供应一体化模型
 4、做好品类管理战略，让每一个采购品类都有明确的定位
 5、清晰供应链组织框架设计原则，掌握供应链部门人才画像特征",3月12-13日,深圳,"￥5,920",1次/人,,
,,,,,,5月13-14日,深圳,,,,
,,,,,,6月25-26日,上海,,,,
